id,log_k
0,1.1350873
1,1.108647
2,1.067128
3,1.0030829
4,0.91671413
5,0.8271662
6,0.7260637
7,0.6040446
8,0.44100377
9,0.23173046
10,0.002004159
11,-0.20350248
12,0.91096514
13,0.8816386
14,0.8281468
15,0.75355136
16,0.65327257
17,0.5531045
18,0.44570345
19,0.35059294
20,0.23851603
21,0.08964947
22,-0.127318
404,-0.5907434
405,-0.57896477
406,-0.57429314
407,-0.57904977
408,-0.6024706
409,-0.64786845
410,-0.7212438
411,-0.82684493
412,-0.94005615
413,-1.0618935
414,-1.1403915
415,-1.171818
416,-1.1855804
417,-1.1960365
418,0.43602848
419,0.4668428
420,0.49424693
421,0.5186612
422,0.5341766
423,0.5337069
424,0.50940984
425,0.44982153
426,0.36119106
427,0.22819923
428,0.110987045
429,0.04275743
430,-0.015530558
431,-0.08517243
432,-0.33266366
433,-0.3010747
434,-0.28156132
435,-0.26704434
436,-0.2610309
437,-0.26787367
438,-0.2925123
439,-0.34047344
440,-0.40373734
441,-0.47391254
442,-0.5350128
443,-0.57705957
444,-0.62199837
445,-0.6719134
446,0.27902943
447,0.33309576
448,0.37175626
449,0.40845075
450,0.43879566
451,0.4613279
452,0.4675978
453,0.45430407
454,0.42231238
455,0.37144384
456,0.3136802
457,0.26798865
458,0.2122282
459,0.14152947
460,-0.4195179
461,-0.39989045
462,-0.38343346
463,-0.37160817
464,-0.36804265
465,-0.372739
466,-0.38867423
467,-0.4168521
468,-0.45621493
469,-0.5065868
470,-0.56417984
471,-0.62140596
472,-0.6768262
473,-0.7267445
474,-0.77773577
475,-0.81846994
476,0.31539944
477,0.3498295
478,0.37945938
479,0.40434605
480,0.4237303
481,0.4339058
482,0.4359679
483,0.42715853
484,0.40820608
485,0.37870744
486,0.33822772
487,0.29454866
488,0.24553627
489,0.19966589
490,0.14844407
491,0.1069102
492,-0.48783016
493,-0.47395438
494,-0.46310946
495,-0.45617735
496,-0.45818728
497,-0.4685831
498,-0.4905815
499,-0.524353
500,-0.5712509
501,-0.62308687
502,-0.68358606
503,-0.74234575
504,-0.7982185
505,-0.8422133
506,-0.87536925
507,-0.89906937
508,0.24360064
509,0.26953635
510,0.29437163
511,0.3157302
512,0.33347803
513,0.34191313
514,0.34300524
515,0.33391687
516,0.31535885
517,0.28602538
518,0.2467031
519,0.19996776
520,0.15200154
521,0.10361428
522,0.06095683
523,0.029544044
524,-0.30884847
525,-0.27409104
526,-0.25350523
527,-0.23785968
528,-0.23263754
529,-0.24843973
530,-0.29142803
531,-0.37302592
532,-0.48440847
533,-0.59092885
534,-0.67078024
535,-0.71118206
536,-0.74573743
537,-0.78517765
538,0.454567
539,0.5088234
540,0.54685116
541,0.58087695
542,0.6065235
543,0.6208514
544,0.6168911
545,0.58786505
546,0.53326726
547,0.46309122
548,0.39058122
549,0.3341999
550,0.27493826
551,0.19965042
552,-0.35362
553,-0.33188114
554,-0.3120685
555,-0.288229
556,-0.27312216
557,-0.26323304
558,-0.2615167
559,-0.2720448
560,-0.2958887
561,-0.33042583
562,-0.3842142
563,-0.4327751
564,-0.47599363
565,-0.5119464
566,-0.56374246
567,-0.60130686
568,0.2559668
569,0.2889088
570,0.32254604
571,0.3642434
572,0.39991075
573,0.4275442
574,0.4516395
575,0.46515164
576,0.46692368
577,0.45647016
578,0.43121448
579,0.40040442
580,0.36741588
581,0.33678558
582,0.2835831
583,0.18010387
584,-0.40181085
585,-0.38175786
586,-0.3724752
587,-0.3743389
588,-0.39178523
589,-0.43245885
590,-0.49962094
591,-0.594242
592,-0.6976845
593,-0.79431313
594,-0.85618675
595,-0.8822286
596,-0.89855856
597,0.441019
598,0.4812253
599,0.51375496
600,0.5427993
601,0.565498
602,0.5756386
603,0.5667266
604,0.52786946
605,0.46100414
606,0.3701886
607,0.27593276
608,0.2139189
609,0.15640977
610,0.09420512
611,-0.61851496
612,-0.6107676
613,-0.6051291
614,-0.6057498
615,-0.6146048
616,-0.6340414
617,-0.6652909
618,-0.7076574
619,-0.7583848
620,-0.8192901
621,-0.8875976
622,-0.9420973
623,-0.9930409
624,-1.0328795
625,-1.0723141
626,-1.1005484
627,0.21490213
628,0.23370652
629,0.25617567
630,0.27478197
631,0.28964424
632,0.29584864
633,0.29231313
634,0.27628663
635,0.24858855
636,0.19879192
637,0.13054726
638,0.06270931
639,-0.0052173682
640,-0.0598181
641,-0.111323275
642,-0.1559812
841,0.35914704
842,0.4183408
843,0.46580696
844,0.52371854
845,0.6214954
846,0.7202655
847,0.7757202
848,0.8018392
849,0.8045099
850,0.79331553
851,0.7727593
852,0.74746186
853,0.72164917
854,0.6940378
855,0.33244017
856,0.39393273
857,0.4428149
858,0.50129163
859,0.59918636
860,0.6977966
861,0.75345284
862,0.78007275
863,0.7833096
864,0.7729256
865,0.7536771
866,0.73008984
867,0.7060598
868,0.6802826
869,0.23443009
870,0.3011418
871,0.3546586
872,0.4165822
873,0.5188175
874,0.6242001
875,0.6873072
876,0.72086865
877,0.72870135
878,0.7211774
879,0.7037087
880,0.6811208
881,0.6575587
882,0.6319035
883,0.08048593
884,0.15043043
885,0.20893063
886,0.27623835
887,0.3867689
888,0.50473
889,0.5808542
890,0.62637967
891,0.6417342
892,0.6378737
893,0.6211603
894,0.59738517
895,0.571791
896,0.54362595
897,-0.090786055
898,-0.02291108
899,0.035578635
900,0.1050587
901,0.2227677
902,0.35471877
903,0.4453003
904,0.50423723
905,0.52816933
906,0.5283376
907,0.5122487
908,0.4870508
909,0.4593507
910,0.42883894
911,-0.25146732
912,-0.18567915
913,-0.12854005
914,-0.059039168
915,0.063055195
916,0.2063782
917,0.30872604
918,0.37840074
919,0.40976205
920,0.41430026
921,0.40028074
922,0.37566772
923,0.3478938
924,0.31706432
925,-0.4180075
926,-0.35323352
927,-0.2948468
928,-0.22325477
929,-0.095940724
930,0.05765089
931,0.17000721
932,0.24847135
933,0.2861357
934,0.2951171
935,0.28417286
936,0.26147586
937,0.23479573
938,0.20460734
939,-0.61400276
940,-0.5583306
941,-0.50278515
942,-0.42904612
943,-0.29484835
944,-0.12770028
945,-0.0008258273
946,0.092002705
947,0.14059284
948,0.15727496
949,0.1515802
950,0.13213164
951,0.10730695
952,0.07819476
953,-0.82800347
954,-0.7904338
955,-0.7490446
956,-0.6827707
957,-0.5521082
958,-0.3790317
959,-0.24067421
960,-0.13340575
961,-0.07157465
962,-0.044105507
963,-0.041454293
964,-0.054889355
965,-0.07546593
966,-0.10116506
967,-1.0280749
968,-1.0044317
969,-0.9774495
970,-0.9274216
971,-0.81922257
972,-0.66314185
973,-0.5285163
974,-0.41654012
975,-0.3459173
976,-0.30858654
977,-0.29622158
978,-0.30113828
979,-0.31475648
980,-0.33422092
981,-1.188676
982,-1.1772265
983,-1.1629034
984,-1.1309726
985,-1.0525979
986,-0.9281611
987,-0.8114956
988,-0.70576274
989,-0.63174707
990,-0.5862657
991,-0.5639061
992,-0.55929923
993,-0.5649662
994,-0.57729495
995,-1.2986562
996,-1.297152
997,-1.2900903
998,-1.2691923
999,-1.2140148
1000,-1.1214569
1001,-1.0306041
1002,-0.94332844
1003,-0.8770512
1004,-0.83179975
1005,-0.8052111
1006,-0.79451907
1007,-0.79403484
1008,-0.8001072
1009,-1.3338666
1010,-1.3112984
1011,-1.2577926
1012,-1.172896
1013,-1.0918812
1014,-1.015246
1015,-0.95751214
1016,-0.9180878
1017,-0.89460045
1018,-0.8846042
1019,-0.8833757
1020,-0.8878987
1041,0.39830524
1042,0.47912458
1043,0.5388109
1044,0.5994989
1045,0.6975063
1046,0.7852577
1047,0.8294129
1048,0.8383465
1049,0.8242359
1050,0.7979785
1051,0.76567656
1052,0.7316267
1053,0.6984813
1054,0.66245246
1055,0.3744145
1056,0.45635235
1057,0.5165296
1058,0.57700884
1059,0.67393404
1060,0.7602873
1061,0.8044498
1062,0.81485546
1063,0.8029444
1064,0.779149
1065,0.7494843
1066,0.7180408
1067,0.68725985
1068,0.6535359
1069,0.28822178
1070,0.3720899
1071,0.43429232
1072,0.4962924
1073,0.59618086
1074,0.6888176
1075,0.7412404
1076,0.7594194
1077,0.75339854
1078,0.7335009
1079,0.706363
1080,0.67646414
1081,0.64653516
1082,0.61319727
1083,0.15480079
1084,0.23747541
1085,0.30112997
1086,0.36577982
1087,0.472047
1088,0.5770161
1089,0.64382964
1090,0.6741196
1091,0.6759962
1092,0.65997446
1093,0.6339757
1094,0.603574
1095,0.5723387
1096,0.53708106
1097,0.0031419715
1098,0.080755755
1099,0.1421025
1100,0.20737791
1101,0.32002014
1102,0.4392603
1103,0.5223235
1104,0.56596124
1105,0.5761271
1106,0.56379336
1107,0.5385336
1108,0.5072747
1109,0.47453162
1110,0.43731225
1111,-0.14622794
1112,-0.07216333
1113,-0.01377867
1114,0.04970052
1115,0.16522226
1116,0.2959911
1117,0.393062
1118,0.44889382
1119,0.46758127
1120,0.46012947
1121,0.43736964
1122,0.40718284
1123,0.37474194
1124,0.3373621
1125,-0.30379185
1126,-0.23413639
1127,-0.17856233
1128,-0.11779242
1129,-0.002177924
1130,0.13816246
1131,0.24890186
1132,0.31750077
1133,0.3463696
1134,0.34609935
1135,0.32823735
1136,0.3012274
1137,0.2707653
1138,0.23468623
1139,-0.47844198
1140,-0.42037994
1141,-0.37295854
1142,-0.31704304
1143,-0.20170344
1144,-0.05023613
1145,0.077696875
1146,0.16311736
1147,0.20570904
1148,0.21535234
1149,0.20439611
1150,0.18197031
1151,0.15448757
1152,0.12058797
1153,-0.6663555
1154,-0.6221913
1155,-0.5888068
1156,-0.5439224
1157,-0.43730372
1158,-0.28511482
1159,-0.14694811
1160,-0.046781044
1161,0.0105040055
1162,0.032236982
1163,0.030729322
1164,0.015393446
1165,-0.0068402896
1166,-0.03631409
1167,-0.85478985
1168,-0.820605
1169,-0.79636407
1170,-0.7621157
1171,-0.6731991
1172,-0.536542
1173,-0.4026603
1174,-0.29732993
1175,-0.23019476
1176,-0.19810507
1177,-0.19028404
1178,-0.19787957
1179,-0.21393658
1180,-0.23787877
1181,-1.0018443
1182,-0.98637545
1183,-0.9607917
1184,-0.889123
1185,-0.77153456
1186,-0.64801633
1187,-0.5431778
1188,-0.46985552
1189,-0.42934403
1190,-0.41316077
1191,-0.41343898
1192,-0.42342213
1193,-0.44170892
1194,-1.1365542
1195,-1.1297605
1196,-1.1112008
1197,-1.053618
1198,-0.9557765
1199,-0.8487122
1200,-0.75337714
1201,-0.68252146
1202,-0.6398378
1203,-0.61918664
1204,-0.6141724
1205,-0.6188923
1206,-0.63163257
1207,-1.1860976
1208,-1.1801293
1209,-1.160211
1210,-1.1014878
1211,-1.0083425
1212,-0.91078454
1213,-0.82392544
1214,-0.7580351
1215,-0.71715575
1216,-0.6962584
1217,-0.6897814
1218,-0.69248086
1219,-0.7027408
1239,0.47391757
1240,0.5453454
1241,0.60605603
1242,0.6677125
1243,0.7490511
1244,0.8139609
1245,0.84827536
1246,0.85742503
1247,0.84724677
1248,0.8240892
1249,0.7929469
1250,0.7593532
1251,0.7236854
1252,0.67947596
1253,0.44268683
1254,0.5146336
1255,0.5756498
1256,0.63698083
1257,0.71723276
1258,0.78194237
1259,0.8179659
1260,0.82997495
1261,0.8226229
1262,0.8020486
1263,0.773189
1264,0.7414842
1265,0.7074556
1266,0.6649094
1267,0.3523484
1268,0.42507383
1269,0.48707342
1270,0.54945534
1271,0.63256323
1272,0.7032952
1273,0.7467623
1274,0.76556206
1275,0.7629535
1276,0.7455113
1277,0.7186377
1278,0.6881601
1279,0.65496784
1280,0.6130707
1281,0.22290063
1282,0.2932585
1283,0.35449448
1284,0.41789573
1285,0.5063981
1286,0.5877388
1287,0.6427497
1288,0.67079765
1289,0.6738728
1290,0.65966356
1291,0.6344465
1292,0.60472
1293,0.5718262
1294,0.5298563
1295,0.080940105
1296,0.145838
1297,0.20291297
1298,0.2653585
1299,0.35958073
1300,0.4535435
1301,0.52207965
1302,0.5608224
1303,0.57035005
1304,0.55986947
1305,0.5366946
1306,0.50798744
1307,0.47554073
1308,0.43349203
1309,-0.06193156
1310,-0.0011300712
1311,0.05173238
1312,0.11216107
1313,0.21083961
1314,0.31681204
1315,0.39872602
1316,0.4487668
1317,0.46580163
1318,0.4601426
1319,0.43995386
1320,0.4129485
1321,0.3814028
1322,0.339551
1323,-0.2161118
1324,-0.15904823
1325,-0.10991133
1326,-0.052264977
1327,0.04887633
1328,0.16610445
1329,0.2617765
1330,0.32416052
1331,0.350383
1332,0.3514232
1333,0.3358447
1334,0.31172547
1335,0.28196973
1336,0.24114193
1337,-0.3880808
1338,-0.3381024
1339,-0.29422793
1340,-0.24062985
1341,-0.13927978
1342,-0.011268329
1343,0.100145675
1344,0.177835
1345,0.21613845
1346,0.22640826
1347,0.2173738
1348,0.19748595
1349,0.17058884
1350,0.13200137
1351,-0.5715443
1352,-0.5323045
1353,-0.49829635
1354,-0.453254
1355,-0.35980156
1356,-0.23120251
1357,-0.10992967
1358,-0.018034667
1359,0.033503406
1360,0.054890577
1361,0.054527774
1362,0.040970642
1363,0.019086447
1364,-0.014598906
1365,-0.7526685
1366,-0.72205895
1367,-0.69711757
1368,-0.66269785
1369,-0.58592325
1370,-0.47297478
1371,-0.35685652
1372,-0.25951937
1373,-0.19787206
1374,-0.16596265
1375,-0.15722331
1376,-0.16363381
1377,-0.17949682
1378,-0.20700464
1379,-0.9122421
1380,-0.8902582
1381,-0.873293
1382,-0.847195
1383,-0.78427637
1384,-0.6885523
1385,-0.58445823
1386,-0.48894495
1387,-0.42112148
1388,-0.3801306
1389,-0.3625285
1390,-0.36165246
1391,-0.37132242
1392,-0.39259645
1393,-1.0383987
1394,-1.0258349
1395,-1.0160602
1396,-0.99529296
1397,-0.939003
1398,-0.8524167
1399,-0.7584196
1400,-0.6704989
1401,-0.6048983
1402,-0.5619229
1403,-0.54000884
1404,-0.53417766
1405,-0.5387306
1406,-0.55415744
1407,-1.0757567
1408,-1.0689216
1409,-1.0460004
1410,-0.9839313
1411,-0.89475256
1412,-0.80297375
1413,-0.71894795
1414,-0.6565161
1415,-0.6151842
1416,-0.59325755
1417,-0.5862462
1418,-0.58889705
1419,-0.6015529
1442,0.53278905
1443,0.61159647
1444,0.6732026
1445,0.7290459
1446,0.7959898
1447,0.8513267
1448,0.88496846
1449,0.89428794
1450,0.88466144
1451,0.86329424
1452,0.8337199
1453,0.80203354
1454,0.7674193
1455,0.72172546
1456,0.50197613
1457,0.5813126
1458,0.6432035
1459,0.6987822
1460,0.76465166
1461,0.8196399
1462,0.8549807
1463,0.8675768
1464,0.86143076
1465,0.8429996
1466,0.8157857
1467,0.7857316
1468,0.75228184
1469,0.7074423
1470,0.41375077
1471,0.49460784
1472,0.5577573
1473,0.6145871
1474,0.68320626
1475,0.74326116
1476,0.78554404
1477,0.80469745
1478,0.8029955
1479,0.7869486
1480,0.7607602
1481,0.73093504
1482,0.6974081
1483,0.652356
1484,0.2861923
1485,0.3663265
1486,0.4298177
1487,0.48788175
1488,0.5612491
1489,0.63025635
1490,0.68349576
1491,0.71138155
1492,0.7143128
1493,0.6999727
1494,0.6740707
1495,0.64412606
1496,0.61058766
1497,0.5658559
1498,0.14663498
1499,0.22256987
1500,0.28337848
1501,0.34080517
1502,0.41832706
1503,0.4970689
1504,0.5626625
1505,0.60073817
1506,0.60944045
1507,0.59790003
1508,0.5736867
1509,0.5450964
1510,0.5129588
1511,0.46987826
1512,0.009365672
1513,0.08114946
1514,0.13827582
1515,0.19421534
1516,0.27540237
1517,0.36344254
1518,0.44052175
1519,0.48885593
1520,0.50489604
1521,0.49823263
1522,0.47763696
1523,0.451685
1524,0.42166197
1525,0.38038507
1526,-0.13705745
1527,-0.069927916
1528,-0.017179156
1529,0.0364232
1530,0.12011774
1531,0.21749578
1532,0.3070487
1533,0.36685255
1534,0.39192364
1535,0.3918996
1536,0.3762743
1537,0.3536687
1538,0.32604954
1539,0.28659254
1540,-0.30269393
1541,-0.24030668
1542,-0.19190748
1543,-0.14195707
1544,-0.0588467
1545,0.04603931
1546,0.14956346
1547,0.22407101
1548,0.26133907
1549,0.27031595
1550,0.26110098
1551,0.24244069
1552,0.21740085
1553,0.17980002
1554,-0.48801157
1555,-0.43334225
1556,-0.39007738
1557,-0.3451494
1558,-0.26769733
1559,-0.16233905
1560,-0.049799383
1561,0.038354333
1562,0.08934816
1563,0.109502144
1564,0.10857225
1565,0.09508465
1566,0.07351992
1567,0.038766153
1568,-0.66972667
1569,-0.628299
1570,-0.5941861
1571,-0.55612975
1572,-0.48770916
1573,-0.39115542
1574,-0.28215447
1575,-0.18981574
1576,-0.12978993
1577,-0.09984476
1578,-0.092165254
1579,-0.09943624
1580,-0.116080865
1581,-0.14579701
1582,-0.8290558
1583,-0.80238557
1584,-0.7801205
1585,-0.7501313
1586,-0.6887142
1587,-0.59971905
1588,-0.49712324
1589,-0.4057139
1590,-0.3414252
1591,-0.30502927
1592,-0.2906291
1593,-0.29237556
1594,-0.3041535
1595,-0.3284394
1596,-0.9519079
1597,-0.9376922
1598,-0.9286429
1599,-0.9095386
1600,-0.85544676
1601,-0.77007085
1602,-0.67107904
1603,-0.58285725
1604,-0.51888144
1605,-0.4798084
1606,-0.46080753
1607,-0.45767587
1608,-0.46454698
1609,-0.48312986
1610,-0.9867116
1611,-0.9788513
1612,-0.97418004
1613,-0.95658284
1614,-0.90132314
1615,-0.8147639
1616,-0.7171085
1617,-0.63155276
1618,-0.5690205
1619,-0.5294834
1620,-0.5085533
1621,-0.5029465
1622,-0.5071045
1623,-0.5224222
1646,0.55152345
1647,0.63017625
1648,0.6875684
1649,0.74063665
1650,0.8027431
1651,0.8549458
1652,0.88911
1653,0.89633155
1654,0.88364446
1655,0.85781795
1656,0.8242431
1657,0.7863035
1658,0.74866027
1659,0.69265896
1660,0.52698714
1661,0.6059069
1662,0.66360706
1663,0.71657604
1664,0.77774465
1665,0.829395
1666,0.86505383
1667,0.8754094
1668,0.8658536
1669,0.842845
1670,0.81145245
1671,0.77506465
1672,0.73836124
1673,0.6829574
1674,0.44714874
1675,0.5273612
1676,0.58640915
1677,0.64109147
1678,0.7052286
1679,0.76089704
1680,0.8017359
1681,0.81710976
1682,0.8108638
1683,0.78964067
1684,0.7587011
1685,0.7220097
1686,0.6847766
1687,0.62866265
1688,0.32766333
1689,0.40795133
1690,0.46798897
1691,0.5247524
1692,0.5941854
1693,0.65703136
1694,0.70490277
1695,0.72523266
1696,0.7212648
1697,0.7005276
1698,0.66903424
1699,0.63164407
1700,0.5941454
1701,0.53857285
1702,0.19470596
1703,0.27234802
1704,0.33170858
1705,0.38972762
1706,0.46455458
1707,0.5350503
1708,0.58965194
1709,0.6144488
1710,0.61276346
1711,0.5932974
1712,0.56286186
1713,0.5269226
1714,0.49127477
1715,0.43886697
1716,0.06312379
1717,0.13824993
1718,0.19666675
1719,0.256157
1720,0.3371638
1721,0.41604486
1722,0.47719806
1723,0.50639826
1724,0.5079675
1725,0.49153295
1726,0.46410674
1727,0.43122667
1728,0.3983486
1729,0.3493827
1730,-0.077127986
1731,-0.0055479365
1732,0.05159766
1733,0.11264096
1734,0.2000584
1735,0.28904873
1736,0.3595623
1737,0.39518812
1738,0.40138608
1739,0.38906685
1740,0.3652393
1741,0.33547857
1742,0.30505475
1743,0.25874558
1744,-0.2325458
1745,-0.16746114
1746,-0.114651
1747,-0.055257104
1748,0.03507231
1749,0.13417752
1750,0.2196517
1751,0.26788664
1752,0.28227085
1753,0.27585405
1754,0.25614864
1755,0.22935504
1756,0.20103182
1757,0.15698333
1758,-0.40703124
1759,-0.34851277
1760,-0.3024694
1761,-0.24890025
1762,-0.16177553
1763,-0.059313916
1764,0.03809713
1765,0.101730905
1766,0.12864761
1767,0.13208535
1768,0.11924147
1769,0.097098835
1770,0.07181894
1771,0.030829694
1772,-0.5969712
1773,-0.5451189
1774,-0.50424725
1775,-0.45638892
1776,-0.37417108
1777,-0.27191365
1778,-0.16946371
1779,-0.09660252
1780,-0.05984427
1781,-0.04695119
1782,-0.05218183
1783,-0.06860733
1784,-0.08986099
1785,-0.1265446
1786,-0.7771987
1787,-0.73726577
1788,-0.70258707
1789,-0.66073966
1790,-0.5848426
1791,-0.48248574
1792,-0.37320867
1793,-0.2902954
1794,-0.24447562
1795,-0.2241497
1796,-0.22423951
1797,-0.23733242
1798,-0.25655302
1799,-0.29146212
1800,-0.89839137
1801,-0.87682533
1802,-0.8556913
1803,-0.8243402
1804,-0.7587353
1805,-0.6626429
1806,-0.5555208
1807,-0.47121957
1808,-0.42166167
1809,-0.39636868
1810,-0.39163503
1811,-0.4007046
1812,-0.41700622
1813,-0.4488882
1814,-0.92570865
1815,-0.9136048
1816,-0.9018403
1817,-0.8767218
1818,-0.81383526
1819,-0.71985984
1820,-0.6154645
1821,-0.532994
1822,-0.48301163
1823,-0.45503017
1824,-0.4461006
1825,-0.45041388
1826,-0.4623853
1827,-0.48888105
1853,0.4547899
1854,0.5302873
1855,0.59107864
1856,0.6422122
1857,0.7079742
1858,0.7620359
1859,0.7932746
1860,0.8022498
1861,0.7904921
1862,0.7648432
1863,0.73079485
1864,0.6907511
1865,0.6487018
1866,0.59071535
1867,0.4361574
1868,0.51229644
1869,0.5734437
1870,0.62468654
1871,0.6907635
1872,0.74576265
1873,0.77880174
1874,0.79017955
1875,0.7806854
1876,0.75690955
1877,0.7243158
1878,0.68532866
1879,0.6439009
1880,0.586166
1881,0.36619475
1882,0.44485423
1883,0.50811476
1884,0.56114644
1885,0.6298532
1886,0.6874315
1887,0.723102
1888,0.7373321
1889,0.72983986
1890,0.7068463
1891,0.6741525
1892,0.6346643
1893,0.59273833
1894,0.5346431
1895,0.25912997
1896,0.3398709
1897,0.40577516
1898,0.46127334
1899,0.53378516
1900,0.59444135
1901,0.6314095
1902,0.64629865
1903,0.63889605
1904,0.615295
1905,0.58175015
1906,0.541757
1907,0.5000475
1908,0.4434004
1909,0.1373913
1910,0.21725708
1911,0.2842871
1912,0.34185517
1913,0.41843987
1914,0.48312563
1915,0.5214693
1916,0.53605884
1917,0.52825135
1918,0.5047729
1919,0.47207725
1920,0.43379518
1921,0.3945256
1922,0.34201723
1923,0.013924225
1924,0.09225964
1925,0.15984903
1926,0.21967112
1927,0.3014716
1928,0.37253147
1929,0.41488114
1930,0.43135393
1931,0.42476496
1932,0.40293074
1933,0.37250748
1934,0.33706692
1935,0.30088624
1936,0.25262788
1937,-0.11820593
1938,-0.04141109
1939,0.027397271
1940,0.090305135
1941,0.1785412
1942,0.25824633
1943,0.30748907
1944,0.32836685
1945,0.32440692
1946,0.30465692
1947,0.27635908
1948,0.24325912
1949,0.20946382
1950,0.16430981
1951,-0.26807955
1952,-0.19662008
1953,-0.12954538
1954,-0.06518527
1955,0.029234756
1956,0.120137975
1957,0.18074283
1958,0.21047828
1959,0.21187563
1960,0.19523838
1961,0.16907467
1962,0.13787693
1963,0.10594985
1964,0.06332478
1965,-0.42585662
1966,-0.3636776
1967,-0.3049447
1968,-0.24583258
1969,-0.1532939
1970,-0.05693662
1971,0.01398403
1972,0.055306215
1973,0.06620927
1974,0.056614924
1975,0.03577358
1976,0.008960936
1977,-0.019327609
1978,-0.057922587
1979,-0.5881695
1980,-0.53195083
1981,-0.4804191
1982,-0.4277667
1983,-0.34022442
1984,-0.24403213
1985,-0.16982085
1986,-0.122373804
1987,-0.10390324
1988,-0.10594885
1989,-0.1199493
1990,-0.14067489
1991,-0.1639235
1992,-0.197251
1993,-0.7448872
1994,-0.6959001
1995,-0.65008014
1996,-0.6039318
1997,-0.523652
1998,-0.4276871
1999,-0.34695584
2000,-0.28956327
2001,-0.26146892
2002,-0.25604242
2003,-0.26495382
2004,-0.2824545
2005,-0.30395952
2006,-0.3366087
2007,-0.8499986
2008,-0.81469494
2009,-0.7781144
2010,-0.7392217
2011,-0.6679499
2012,-0.577325
2013,-0.49759606
2014,-0.43709186
2015,-0.40331239
2016,-0.3921897
2017,-0.39671674
2018,-0.41126257
2019,-0.4310804
2020,-0.4626805
2021,-0.8732121
2022,-0.8490782
2023,-0.8228853
2024,-0.78864056
2025,-0.7189744
2026,-0.62900704
2027,-0.549201
2028,-0.48809507
2029,-0.45225346
2030,-0.43739092
2031,-0.43722853
2032,-0.44688335
2033,-0.46244708
2034,-0.489677
2061,0.42051917
2062,0.48744008
2063,0.537853
2064,0.578838
2065,0.63036156
2066,0.679537
2067,0.7124731
2068,0.7241619
2069,0.7151989
2070,0.69113296
2071,0.6583999
2072,0.6203043
2073,0.57925236
2074,0.5195312
2075,0.40140262
2076,0.46871963
2077,0.51954246
2078,0.5608424
2079,0.6125256
2080,0.6619999
2081,0.6964249
2082,0.7104022
2083,0.7034483
2084,0.68094593
2085,0.64931554
2086,0.61197513
2087,0.5713917
2088,0.5119665
2089,0.33627146
2090,0.40583992
2091,0.4585422
2092,0.5011894
2093,0.55374545
2094,0.6034718
2095,0.6390825
2096,0.6553972
2097,0.65043277
2098,0.62896436
2099,0.59758127
2100,0.560149
2101,0.51942706
2102,0.46000627
2103,0.24051017
2104,0.31219617
2105,0.36733449
2106,0.41178867
2107,0.4655518
2108,0.5147565
2109,0.54908085
2110,0.5649153
2111,0.56000453
2112,0.5383816
2113,0.50673693
2114,0.46929792
2115,0.429038
2116,0.37114236
2117,0.132801
2118,0.2045508
2119,0.26125905
2120,0.30799636
2121,0.36492223
2122,0.41593853
2123,0.44916996
2124,0.46263248
2125,0.45627186
2126,0.43432254
2127,0.40323177
2128,0.3670599
2129,0.3287012
2130,0.2744502
2131,0.021119574
2132,0.09252207
2133,0.15062508
2134,0.20043291
2135,0.2630978
2136,0.32044828
2137,0.35721776
2138,0.371219
2139,0.36460304
2140,0.34305218
2141,0.31314504
2142,0.27877533
2143,0.24269556
2144,0.19225706
2145,-0.10147446
2146,-0.029962217
2147,0.030502317
2148,0.084226176
2149,0.15372543
2150,0.21988222
2151,0.26363343
2152,0.2815052
2153,0.27673942
2154,0.25670955
2155,0.22855078
2156,0.19626562
2157,0.16252378
2158,0.11558382
2159,-0.2428139
2160,-0.17269816
2161,-0.11106761
2162,-0.0547387
2163,0.019735886
2164,0.09470963
2165,0.14808287
2166,0.17320712
2167,0.17269158
2168,0.15549065
2169,0.12958626
2170,0.09945964
2171,0.067901514
2172,0.024052028
2173,-0.38771865
2174,-0.3226018
2175,-0.2649113
2176,-0.21149905
2177,-0.13986206
2178,-0.06410079
2179,-0.0040604165
2180,0.0301439
2181,0.03702984
2182,0.02539983
2183,0.003616762
2184,-0.02311073
2185,-0.05166149
2186,-0.09181439
2187,-0.52432615
2188,-0.4658939
2189,-0.41520452
2190,-0.36705855
2191,-0.29889262
2192,-0.22578326
2193,-0.16560645
2194,-0.12667572
2195,-0.11336259
2196,-0.11851781
2197,-0.13441722
2198,-0.15567881
2199,-0.17922299
2200,-0.21353295
2201,-0.66464406
2202,-0.6140259
2203,-0.5687303
2204,-0.5255131
2205,-0.4618415
2206,-0.3890176
2207,-0.32532877
2208,-0.27918306
2209,-0.25703475
2210,-0.25379857
2211,-0.26317492
2212,-0.27961367
2213,-0.29987627
2214,-0.3320668
2215,-0.7647043
2216,-0.7241679
2217,-0.6834698
2218,-0.6433408
2219,-0.58615875
2220,-0.51949614
2221,-0.45868132
2222,-0.4121006
2223,-0.3871294
2224,-0.38024294
2225,-0.38646755
2226,-0.40056464
2227,-0.41924426
2228,-0.45006147
2229,-0.7848546
2230,-0.75014204
2231,-0.7151944
2232,-0.6774033
2233,-0.6201722
2234,-0.55495566
2235,-0.4978933
2236,-0.4551145
2237,-0.43152252
2238,-0.42357647
2239,-0.42729557
2240,-0.4382749
2241,-0.45367786
2242,-0.47990212
2270,-0.43546066
2271,-0.2910867
2272,-0.14765026
2273,-0.039771244
2274,0.04765381
2275,0.13226625
2276,0.22229129
2277,0.32591355
2278,0.41983828
2279,0.47511968
2280,0.4835154
2281,-0.41531006
2282,-0.27022824
2283,-0.12642545
2284,-0.015136499
2285,0.07322385
2286,0.16380186
2287,0.25582066
2288,0.35971183
2289,0.45242336
2290,0.5062703
2291,0.5142619
2292,-0.39753547
2293,-0.25066915
2294,-0.10177507
2295,0.010867252
2296,0.10369144
2297,0.19535555
2298,0.28920272
2299,0.39325374
2300,0.4865829
2301,0.53739136
2302,0.5451602
2303,-0.38255224
2304,-0.23255703
2305,-0.078969195
2306,0.03706532
2307,0.13297974
2308,0.22731765
2309,0.32289404
2310,0.42710713
2311,0.51776576
2312,0.5692833
2313,0.57709587
2314,-0.3748606
2315,-0.22105047
2316,-0.06277197
2317,0.05685779
2318,0.15556547
2319,0.2520518
2320,0.34898522
2321,0.453463
2322,0.5437687
2323,0.5948861
2324,0.60305995
2325,-0.37492847
2326,-0.21688609
2327,-0.053849522
2328,0.069795504
2329,0.17121427
2330,0.26954332
2331,0.36764172
2332,0.47253957
2333,0.5630642
2334,0.61356837
2335,0.6223643
2336,-0.3846631
2337,-0.22200562
2338,-0.053794708
2339,0.07481281
2340,0.17925341
2341,0.2794446
2342,0.37878036
2343,0.48427016
2344,0.57554656
2345,0.62785745
2346,0.63773924
2347,-0.40627614
2348,-0.2402533
2349,-0.065775104
2350,0.06822146
2351,0.17657644
2352,0.27850765
2353,0.3794936
2354,0.4859269
2355,0.57814056
2356,0.6321105
2357,0.643487
2358,-0.44018143
2359,-0.26962587
2360,-0.09136417
2361,0.0497005
2362,0.1611132
2363,0.26556003
2364,0.36866683
2365,0.47586817
2366,0.5693049
2367,0.6251556
2368,0.6381558
2369,-0.48284593
2370,-0.30994478
2371,-0.12812398
2372,0.017946668
2373,0.13277976
2374,0.24053818
2375,0.34632015
2376,0.45586762
2377,0.5502749
2378,0.60713303
2379,0.6217415
2380,-0.5395357
2381,-0.36527824
2382,-0.1812357
2383,-0.028796501
2384,0.09082187
2385,0.19784515
2386,0.30816534
2387,0.41870925
2388,0.5143921
2389,0.57424885
2390,0.5904011
2391,-0.59510654
2392,-0.41934583
2393,-0.23531628
2394,-0.07654517
2395,0.044405483
2396,0.15394004
2397,0.26507476
2398,0.37719962
2399,0.47399953
2400,0.5356416
2401,0.5531038
2402,-0.6436965
2403,-0.4711526
2404,-0.2890273
2405,-0.1273287
2406,-0.003339962
2407,0.10705576
2408,0.21948992
2409,0.33116466
2410,0.43019444
2411,0.49367115
2412,0.5127615
2413,-0.6896275
2414,-0.5192711
2415,-0.3402556
2416,-0.17780198
2417,-0.050781585
2418,0.06070157
2419,0.17371625
2420,0.28715283
2421,0.38434574
2422,0.45112914
2423,0.47239217
2424,-0.7398939
2425,-0.5706721
2426,-0.39459628
2427,-0.23400383
2428,-0.10496005
2429,0.007815184
2430,0.121773645
2431,0.23545389
2432,0.33410844
2433,0.40280518
2434,0.42707598
2435,-0.7789535
2436,-0.6093752
2437,-0.4336497
2438,-0.27439108
2439,-0.14698762
2440,-0.034286216
2441,0.077606045
2442,0.19118589
2443,0.29340014
2444,0.36349618
2445,0.38991764
2446,-0.40857464
2447,-0.25873566
2448,-0.10306275
2449,0.020712491
2450,0.12029722
2451,0.21250138
2452,0.30452594
2453,0.4049182
2454,0.4959926
2455,0.5529139
2456,0.56598675
2457,-0.38867328
2458,-0.2358208
2459,-0.076334074
2460,0.048699792
2461,0.14567265
2462,0.24139652
2463,0.33473492
2464,0.43714905
2465,0.5258438
2466,0.582279
2467,0.59565985
2468,-0.37168905
2469,-0.21533886
2470,-0.05416337
2471,0.07264694
2472,0.17509569
2473,0.2718108
2474,0.36693183
2475,0.4680949
2476,0.55822563
2477,0.614376
2478,0.6283556
2479,-0.36157942
2480,-0.20168039
2481,-0.037229873
2482,0.091843314
2483,0.19683857
2484,0.2962066
2485,0.3932729
2486,0.49530062
2487,0.5855119
2488,0.64174294
2489,0.6565135
2490,-0.35915703
2491,-0.19538108
2492,-0.02711154
2493,0.10440376
2494,0.21271525
2495,0.31501254
2496,0.4144099
2497,0.5178345
2498,0.6076509
2499,0.66431963
2500,0.6812673
2501,-0.36507607
2502,-0.19751762
2503,-0.025986772
2504,0.10908462
2505,0.2195323
2506,0.3245329
2507,0.42622748
2508,0.5313899
2509,0.623377
2510,0.68091357
2511,0.697895
2512,-0.38295278
2513,-0.21095556
2514,-0.035486825
2515,0.103900835
2516,0.21803673
2517,0.326088
2518,0.43084595
2519,0.53864133
2520,0.63247126
2521,0.6917479
2522,0.71025157
2523,-0.4126547
2524,-0.23651713
2525,-0.057513904
2526,0.08678195
2527,0.2042428
2528,0.3161526
2529,0.42422187
2530,0.5352054
2531,0.6320379
2532,0.69317985
2533,0.71324706
2534,-0.4524186
2535,-0.27300587
2536,-0.08945891
2537,0.05974715
2538,0.17978185
2539,0.29528967
2540,0.4066767
2541,0.52106583
2542,0.62117714
2543,0.6847883
2544,0.706291
2545,-0.49913925
2546,-0.31958553
2547,-0.13557321
2548,0.018881854
2549,0.1463174
2550,0.26394603
2551,0.37988907
2552,0.49634808
2553,0.5999617
2554,0.6671537
2555,0.68977314
2556,-0.37687725
2557,-0.1895143
2558,-0.032446314
2559,0.09812912
2560,0.22102652
2561,0.338877
2562,0.4595662
2563,0.56657237
2564,0.6355559
2565,0.6578359
2566,0.63053477
2567,0.6562213
2568,-0.61537004
2569,-0.43264237
2570,-0.24769057
2571,-0.084159955
2572,0.04817091
2573,0.17365503
2574,0.29383552
2575,0.41503102
2576,0.5272426
2577,0.5968983
2578,0.6207849
2579,-0.66872483
2580,-0.48524612
2581,-0.30095
2582,-0.13779238
2583,-0.0019610564
2584,0.124403
2585,0.24562614
2586,0.36922696
2587,0.4797632
2588,0.5523401
2589,0.57667816
2590,-0.71745956
2591,-0.53155786
2592,-0.34709093
2593,-0.1836945
2594,-0.04877976
2595,0.07808144
2596,0.19888371
2597,0.32123277
2598,0.43345097
2599,0.5058948
2600,0.53093934
2601,-0.76884514
2602,-0.5832364
2603,-0.3949981
2604,-0.23195474
2605,-0.096957564
2606,0.02633715
2607,0.14521591
2608,0.26805955
2609,0.37907895
2610,0.4542612
2611,0.48071986
2612,-0.80826026
2613,-0.6243526
2614,-0.43449935
2615,-0.2682234
2616,-0.13353814
2617,-0.013022882
2618,0.10242831
2619,0.22516485
2620,0.33620363
2621,0.41262433
2622,0.43936193
2623,-0.48057252
2624,-0.32232487
2625,-0.18549676
2626,-0.07347495
2627,0.029535916
2628,0.12999402
2629,0.23428135
2630,0.3443627
2631,0.4369236
2632,0.49122778
2633,0.5033325
2634,-0.46527913
2635,-0.30409443
2636,-0.16482235
2637,-0.050544992
2638,0.053770218
2639,0.15490772
2640,0.2586588
2641,0.36960083
2642,0.46409395
2643,0.5187239
2644,0.5301062
2645,-0.45328614
2646,-0.28813678
2647,-0.14534679
2648,-0.028432561
2649,0.07718312
2650,0.17802124
2651,0.28387883
2652,0.39541307
2653,0.48904976
2654,0.5455707
2655,0.5581511
2656,-0.4462841
2657,-0.27579963
2658,-0.12827629
2659,-0.008573235
2660,0.098275535
2661,0.20145708
2662,0.30715188
2663,0.4200889
2664,0.51433533
2665,0.57052463
2666,0.5848417
2667,-0.116543576
2668,0.005995475
2669,0.113962434
2670,0.21861276
2671,0.32544735
2672,0.43769348
2673,0.53351486
2674,0.59099716
2675,0.6074836
2676,0.59429556
2677,0.61006135
2678,0.5947994
2679,0.61050135
2680,-0.2726285
2681,-0.11307066
2682,0.01215794
2683,0.121074595
2684,0.22733444
2685,0.33551008
2686,0.44821563
2687,0.54481614
2688,0.60345155
2689,0.6225518
2690,0.6057768
2691,0.6241829
2692,0.22771105
2693,0.3376617
2694,0.4511737
2695,0.54890597
2696,0.60996354
2697,0.6307838
2698,0.22706178
2699,0.33738953
2700,0.4509879
2701,0.5488185
2702,0.6102401
2703,0.63119084
2704,-0.31423697
2705,-0.1379319
2706,-0.004922261
2707,0.105748214
2708,0.21633545
2709,0.32902145
2710,0.44412318
2711,0.5435314
2712,0.60741574
2713,0.6304603
2714,0.60561657
2715,0.6294348
2716,-0.5575981
2717,-0.35428542
2718,-0.16954598
2719,-0.030554803
2720,0.08294252
2721,0.19574556
2722,0.3112775
2723,0.42850363
2724,0.5296232
2725,0.5953539
2726,0.6200149
2727,-0.6109151
2728,-0.4062091
2729,-0.21441846
2730,-0.06798942
2731,0.048752423
2732,0.1639846
2733,0.28269386
2734,0.4027377
2735,0.5058888
2736,0.57357854
2737,0.5991615
2738,-0.67254674
2739,-0.47022247
2740,-0.27445683
2741,-0.11959533
2742,0.00067366165
2743,0.12039376
2744,0.24101076
2745,0.3645644
2746,0.47008547
2747,0.5405137
2748,0.56614596
2749,-0.733354
2750,-0.5362674
2751,-0.34155184
2752,-0.17984244
2753,-0.051679324
2754,0.071678
2755,0.19536282
2756,0.3234259
2757,0.43094763
2758,0.49974105
2759,0.5246818
2760,-0.7888473
2761,-0.5988557
2762,-0.40964597
2763,-0.24253733
2764,-0.10935095
2765,0.016743176
2766,0.14617905
2767,0.2747604
2768,0.38401645
2769,0.4542242
2770,0.47807157
2771,-0.6512451
2772,-0.47006467
2773,-0.3046076
2774,-0.16410664
2775,-0.0339223
2776,0.09639624
2777,0.22875561
2778,0.3403146
2779,0.40961558
2780,0.43246168
2781,0.40614557
2782,0.43061894
2783,-0.8668905
2784,-0.69029945
2785,-0.5163406
2786,-0.35431352
2787,-0.21116227
2788,-0.078449234
2789,0.053031467
2790,0.18700106
2791,0.29970747
2792,0.3708359
2793,0.3935137
2794,-0.88994926
2795,-0.71639556
2796,-0.5454168
2797,-0.38768667
2798,-0.24415039
2799,-0.110051684
2800,0.021111226
2801,0.15549175
2802,0.2683966
2803,0.341673
2804,0.3650432
2993,-0.50453776
2994,-0.3154611
2995,-0.16087595
2996,-0.04444456
2997,0.056599747
2998,0.1547312
2999,0.25401193
3000,0.35502923
3001,0.4329011
3002,0.47264045
3003,0.47744834
3004,0.07795403
3005,0.17639133
3006,0.2761403
3007,0.37733248
3008,0.45497417
3009,0.49477524
3010,0.500106
3011,0.2811059
3012,0.3827047
3013,0.46063653
3014,0.5007962
3015,0.50433666
3016,0.19994481
3017,0.2989574
3018,0.40141872
3019,0.47752228
3020,0.5176317
3021,0.52528805
3022,0.20259863
3023,0.303337
3024,0.40482825
3025,0.48243067
3026,0.5228301
3027,0.5279184
3028,-0.10467769
3029,0.01778395
3030,0.12189827
3031,0.22166616
3032,0.3225903
3033,0.42473528
3034,0.5009189
3035,0.54171455
3036,0.5494906
3037,0.5061549
3038,0.54655534
3039,0.55305934
3040,0.032982837
3041,0.1394303
3042,0.24074845
3043,0.34275758
3044,0.44389242
3045,0.5213374
3046,0.56344044
3047,0.5732652
3048,0.44620702
3049,0.5239905
3050,0.5666135
3051,0.575645
3052,-0.094859675
3053,0.036789045
3054,0.14585802
3055,0.24907087
3056,0.35246164
3057,0.45405585
3058,0.53216016
3059,0.5758437
3060,0.58754617
3061,0.53356147
3062,0.57749313
3063,0.5887183
3064,0.14234258
3065,0.24821219
3066,0.35377234
3067,0.45652348
3068,0.5359506
3069,0.5818179
3070,0.59555095
3071,0.3532167
3072,0.45610902
3073,0.5357511
3074,0.58201796
3075,0.59589446
3076,0.34636053
3077,0.4508867
3078,0.5323668
3079,0.5803743
3080,0.5955778
3081,0.12822546
3082,0.23687457
3083,0.34511045
3084,0.44972375
3085,0.53098905
3086,0.57936555
3087,0.5951551
3088,-0.017188126
3089,0.103617564
3090,0.2157701
3091,0.32750943
3092,0.43507752
3093,0.51877266
3094,0.5696815
3095,0.5874045
3096,0.4321896
3097,0.516144
3098,0.56723225
3099,0.58556753
3100,0.29829043
3101,0.4098882
3102,0.49679515
3103,0.55042756
3104,0.5687911
3105,0.064681835
3106,0.1799552
3107,0.29552105
3108,0.40717778
3109,0.4941549
3110,0.54693514
3111,0.56677
3112,-0.7198925
3113,-0.5064102
3114,-0.2930208
3115,-0.12122742
3116,0.011186623
3117,0.13053703
3118,0.2509666
3119,0.36832964
3120,0.4598704
3121,0.51650417
3122,0.5354436
3123,-0.77911377
3124,-0.5728165
3125,-0.36203566
3126,-0.18448462
3127,-0.04690075
3128,0.07549528
3129,0.1998999
3130,0.32279217
3131,0.41890377
3132,0.4765934
3133,0.4965092
3134,-0.11167367
3135,0.014390824
3136,0.14242935
3137,0.2694078
3138,0.37043026
3139,0.4314789
3140,0.45082092
3141,0.13760723
3142,0.26575077
3143,0.3665262
3144,0.42769724
3145,0.44768685
3146,-0.17302537
3147,-0.046003953
3148,0.08614609
3149,0.21773748
3150,0.3242115
3151,0.38621727
3152,0.40497312
3153,0.082469575
3154,0.21495873
3155,0.3200758
3156,0.38287795
3157,0.401764
3158,-0.55038995
3159,-0.3774304
3160,-0.23123233
3161,-0.098317385
3162,0.033464994
3163,0.16884123
3164,0.27829257
3165,0.34347215
3166,0.36178586
3167,0.27544346
3168,0.34151357
3169,0.3610608
3170,-0.7721083
3171,-0.5851968
3172,-0.41704923
3173,-0.2728712
3174,-0.13853946
3175,-0.005977293
3176,0.13083583
3177,0.24279115
3178,0.31086874
3179,0.33062065
3180,0.3076076
3181,0.3288143
3182,-0.6062536
3183,-0.40315685
3184,-0.22599973
3185,-0.09430922
3186,0.01124635
3187,0.1106074
3188,0.20947464
3189,0.3113621
3190,0.3981683
3191,0.448356
3192,0.46349227
3193,-0.59819293
3194,-0.3901838
3195,-0.20933819
3196,-0.0757619
3197,0.030430961
3198,0.1297592
3199,0.22838186
3200,0.32853466
3201,0.41355747
3202,0.46584484
3203,0.48131403
3204,-0.5920624
3205,-0.3766446
3206,-0.19025508
3207,-0.053639818
3208,0.0537462
3209,0.15210679
3210,0.25044075
3211,0.35124826
3212,0.43668038
3213,0.48764506
3214,0.503605
3215,-0.59239745
3216,-0.36964753
3217,-0.17757212
3218,-0.037497956
3219,0.072294034
3220,0.17140852
3221,0.26967332
3222,0.37025696
3223,0.45439652
3224,0.5054402
3225,0.52187496
3226,-0.60098845
3227,-0.37088364
3228,-0.17193276
3229,-0.027083334
3230,0.084534146
3231,0.18556547
3232,0.2843117
3233,0.3852873
3234,0.46911722
3235,0.5211408
3236,0.5380974
3237,-0.61980784
3238,-0.38270748
3239,-0.17700697
3240,-0.026937932
3241,0.08788072
3242,0.1906612
3243,0.29061538
3244,0.39259368
3245,0.478061
3246,0.5303001
3247,0.5476986
3248,-0.6510241
3249,-0.4103552
3250,-0.19570945
3251,-0.039088324
3252,0.07997378
3253,0.18534715
3254,0.28762224
3255,0.39231166
3256,0.47952607
3257,0.53304756
3258,0.55091774
3259,-0.6945886
3260,-0.4507251
3261,-0.22990476
3262,-0.066002965
3263,0.057817142
3264,0.16615036
3265,0.27172756
3266,0.38111988
3267,0.47147754
3268,0.52655154
3269,0.5446408
3270,-0.7440105
3271,-0.502276
3272,-0.27534
3273,-0.10441139
3274,0.023787398
3275,0.13312095
3276,0.24351779
3277,0.35705903
3278,0.45188922
3279,0.50916225
3280,0.5273791
3281,-0.80674523
3282,-0.5723695
3283,-0.340989
3284,-0.16404295
3285,-0.029457685
3286,0.082905844
3287,0.19515948
3288,0.3145314
3289,0.41400325
3290,0.4769654
3291,0.49402204
3292,-0.8752145
3293,-0.6535981
3294,-0.42222062
3295,-0.23541728
3296,-0.10068118
3297,0.013455243
3298,0.12767915
3299,0.2524294
3300,0.35983488
3301,0.4257074
3302,0.44428968
3303,-0.9328679
3304,-0.7254107
3305,-0.49897945
3306,-0.30613714
3307,-0.16625455
3308,-0.055331226
3309,0.059352897
3310,0.18766123
3311,0.30028984
3312,0.37015417
3313,0.38950858
3314,-0.9836197
3315,-0.7906883
3316,-0.57159734
3317,-0.37655553
3318,-0.23337431
3319,-0.12192051
3320,-0.0071460507
3321,0.12363968
3322,0.24038921
3323,0.31420738
3324,0.3336396
3325,-1.0233302
3326,-0.8422535
3327,-0.634775
3328,-0.43665847
3329,-0.29051638
3330,-0.17956941
3331,-0.06390781
3332,0.06771257
3333,0.18859549
3334,0.2663103
3335,0.28887036
3336,-1.0630058
3337,-0.8876916
3338,-0.6896158
3339,-0.4981551
3340,-0.35054022
3341,-0.23496152
3342,-0.11640061
3343,0.0179638
3344,0.1406664
3345,0.22311382
3346,0.24878591
3347,-1.0913403
3348,-0.9201772
3349,-0.7276799
3350,-0.542898
3351,-0.39874968
3352,-0.27992806
3353,-0.15888661
3354,-0.023516277
3355,0.1016575
3356,0.18640134
3357,0.21466269
3358,-0.45557287
3359,-0.3012882
3360,-0.15228151
3361,-0.023247592
3362,0.08500381
3363,0.18473777
3364,0.28427905
3365,0.38909832
3366,0.48156103
3367,0.539426
3368,0.55463636
3369,-0.43861726
3370,-0.28006998
3371,-0.1277216
3372,0.004104063
3373,0.11130821
3374,0.2118112
3375,0.31198004
3376,0.41677025
3377,0.5088409
3378,0.56685793
3379,0.5830993
3380,-0.42410442
3381,-0.2604614
3382,-0.104319975
3383,0.028699799
3384,0.13638711
3385,0.23805131
3386,0.33922866
3387,0.4428257
3388,0.53736204
3389,0.5943719
3390,0.6118892
3391,-0.41533318
3392,-0.24599971
3393,-0.08584463
3394,0.048190437
3395,0.15641077
3396,0.2595412
3397,0.36203575
3398,0.46742547
3399,0.5593454
3400,0.6182291
3401,0.6371048
3402,-0.41433018
3403,-0.23846693
3404,-0.07388091
3405,0.060716365
3406,0.1695293
3407,0.27434573
3408,0.37912887
3409,0.48544928
3410,0.57720315
3411,0.6376628
3412,0.65793186
3413,-0.42217508
3414,-0.2399315
3415,-0.07098644
3416,0.065122806
3417,0.17464568
3418,0.2813582
3419,0.38755545
3420,0.49538285
3421,0.58907735
3422,0.64978045
3423,0.67070925
3424,-0.44070476
3425,-0.25106603
3426,-0.07744908
3427,0.060115196
3428,0.17005855
3429,0.27876613
3430,0.38752618
3431,0.49789974
3432,0.5934819
3433,0.6554934
3434,0.67816436
3435,-0.46981812
3436,-0.2768109
3437,-0.09653862
3438,0.042339347
3439,0.15504418
3440,0.26493904
3441,0.3774647
3442,0.49059802
3443,0.5892263
3444,0.6533925
3445,0.67662424
3446,-0.51183456
3447,-0.31387678
3448,-0.12951334
3449,0.013678112
3450,0.12752245
3451,0.24045363
3452,0.3554994
3453,0.47344765
3454,0.57569313
3455,0.64168537
3456,0.6659246
3457,-0.561214
3458,-0.36476257
3459,-0.17575334
3460,-0.026418949
3461,0.09049312
3462,0.20444512
3463,0.32409188
3464,0.44628033
3465,0.55147654
3466,0.62088555
3467,0.6456526
3468,-0.62548345
3469,-0.43039936
3470,-0.2406094
3471,-0.085143834
3472,0.03663393
3473,0.1555541
3474,0.27720076
3475,0.40355626
3476,0.5138956
3477,0.5849002
3478,0.6100619
3479,-0.6803016
3480,-0.4904271
3481,-0.29887113
3482,-0.14044517
3483,-0.014079126
3484,0.108017616
3485,0.23215373
3486,0.36091888
3487,0.4734468
3488,0.5460288
3489,0.57134277
3490,-0.732454
3491,-0.5488575
3492,-0.36146995
3493,-0.19878858
3494,-0.067910455
3495,0.056896124
3496,0.18272257
3497,0.3141936
3498,0.42759064
3499,0.5009679
3500,0.5263106
3501,-0.78092676
3502,-0.6045409
3503,-0.4194497
3504,-0.2535532
3505,-0.11861004
3506,0.00761304
3507,0.13372163
3508,0.2641392
3509,0.37754577
3510,0.45120108
3511,0.47658062
3512,-0.8190659
3513,-0.6499797
3514,-0.46933633
3515,-0.30077228
3516,-0.16180381
3517,-0.035502575
3518,0.090393275
3519,0.2197269
3520,0.33404717
3521,0.40717497
3522,0.43263543
3523,-0.84692454
3524,-0.68319434
3525,-0.5067635
3526,-0.3378491
3527,-0.19560024
3528,-0.06941249
3529,0.05438836
3530,0.18420944
3531,0.29810098
3532,0.3726409
3533,0.39806494
5594,-0.44190645
5595,-0.23812357
5596,-0.036603894
5597,0.11945102
5598,0.23264347
5599,0.33788577
5600,0.43610343
5601,0.53757155
5602,0.6121218
5603,0.65322727
5604,0.6613054
5605,-0.42384294
5606,-0.21403523
5607,-0.006967777
5608,0.15433635
5609,0.27141973
5610,0.37457007
5611,0.4760787
5612,0.5729921
5613,0.6471566
5614,0.6871014
5615,0.69831127
5616,-0.41355744
5617,-0.19812655
5618,0.015013478
5619,0.18270986
5620,0.30066055
5621,0.40579668
5622,0.5074309
5623,0.6029728
5624,0.6766093
5625,0.71894455
5626,0.7317896
5627,-0.41302255
5628,-0.19035152
5629,0.030517029
5630,0.20400986
5631,0.32773194
5632,0.43618682
5633,0.5385336
5634,0.6339757
5635,0.706363
5636,0.7494843
5637,0.7663931
5638,-0.42871955
5639,-0.19735254
5640,0.032569803
5641,0.21523531
5642,0.345846
5643,0.45941788
5644,0.5629361
5645,0.6594565
5646,0.73338705
5647,0.7790206
5648,0.7989553
5649,-0.46910048
5650,-0.2287921
5651,0.010414534
5652,0.20676151
5653,0.3463407
5654,0.46751404
5655,0.57613444
5656,0.6760172
5657,0.7532003
5658,0.8029906
5659,0.8246311
5660,-0.5437234
5661,-0.2955323
5662,-0.045158215
5663,0.16442074
5664,0.31657043
5665,0.44963276
5666,0.56580764
5667,0.67403203
5668,0.7591947
5669,0.814871
5670,0.8384312
5671,-0.646079
5672,-0.40203252
5673,-0.14494623
5674,0.078250036
5675,0.24833594
5676,0.39258158
5677,0.5226461
5678,0.6435309
5679,0.74063945
5680,0.80429006
5681,0.8289746
5682,-0.7700894
5683,-0.53492075
5684,-0.2833782
5685,-0.051345833
5686,0.13717155
5687,0.29621407
5688,0.4374881
5689,0.57635343
5690,0.68895584
5691,0.7591699
5692,0.78412557
5693,-0.88896346
5694,-0.6720413
5695,-0.43708053
5696,-0.20147237
5697,-0.004178042
5698,0.16651513
5699,0.31920817
5700,0.4713039
5701,0.5963516
5702,0.6740976
5703,0.6976725
5704,-0.9604214
5705,-0.7620933
5706,-0.54332536
5707,-0.31766337
5708,-0.11775808
5709,0.051876385
5710,0.20884912
5711,0.36581457
5712,0.49632546
5713,0.57639426
5714,0.5995316
5715,-0.5788898
5716,-0.3348918
5717,-0.10364758
5718,0.07678082
5719,0.20285521
5720,0.3157718
5721,0.42556033
5722,0.5402204
5723,0.62844723
5724,0.67715204
5725,0.68955547
5726,-0.5652752
5727,-0.31585968
5728,-0.077168725
5729,0.10579852
5730,0.23212099
5731,0.3447755
5732,0.45506343
5733,0.56816554
5734,0.6551627
5735,0.70256007
5736,0.7167429
5737,-0.55930233
5738,-0.30146638
5739,-0.055150762
5740,0.13102102
5741,0.26058772
5742,0.37438363
5743,0.48472273
5744,0.5948431
5745,0.67894596
5746,0.72685516
5747,0.743537
5748,-0.5635191
5749,-0.29618782
5750,-0.041619856
5751,0.15142874
5752,0.28378946
5753,0.39872456
5754,0.5103213
5755,0.6194384
5756,0.70170605
5757,0.7511902
5758,0.7697101
5759,-0.5864875
5760,-0.30909336
5761,-0.0443223
5762,0.15731785
5763,0.29514992
5764,0.4142237
5765,0.5279318
5766,0.6374393
5767,0.7204659
5768,0.7721482
5769,0.791901
5770,-0.6318413
5771,-0.34668875
5772,-0.07129026
5773,0.14100406
5774,0.28625938
5775,0.41001597
5776,0.52844787
5777,0.64189243
5778,0.7285874
5779,0.7831358
5780,0.804019
5781,-0.70575213
5782,-0.41755167
5783,-0.13401322
5784,0.090914056
5785,0.2495368
5786,0.37907502
5787,0.50462997
5788,0.6269635
5789,0.72171146
5790,0.7806353
5791,0.8026754
5792,-0.8153763
5793,-0.5326251
5794,-0.24589762
5795,-0.0023291584
5796,0.16926971
5797,0.30868426
5798,0.4468105
5799,0.58046216
5800,0.68807644
5801,0.75407165
5802,0.776805
5803,-0.93134683
5804,-0.6653149
5805,-0.38423157
5806,-0.1336558
5807,0.05557507
5808,0.2039261
5809,0.35325873
5810,0.5051929
5811,0.6244687
5812,0.69876313
5813,0.7220036
5814,-1.0574032
5815,-0.8255051
5816,-0.56059915
5817,-0.30172676
5818,-0.1031992
5819,0.057916205
5820,0.21971026
5821,0.38367686
5822,0.5176854
5823,0.5980466
5824,0.6212099
5825,-1.1342747
5826,-0.9322789
5827,-0.68812567
5828,-0.43383726
5829,-0.22844063
5830,-0.06376842
5831,0.10078144
5832,0.272604
5833,0.41372603
5834,0.49911538
5835,0.52151656
5836,-0.3305746
5837,-0.14754173
5838,0.036781177
5839,0.17676559
5840,0.28442577
5841,0.3791423
5842,0.46657822
5843,0.56349194
5844,0.6499687
5845,0.7050668
5846,0.71932274
5847,-0.30567303
5848,-0.116825946
5849,0.07188399
5850,0.21639176
5851,0.32409865
5852,0.42050794
5853,0.51173794
5854,0.6093152
5855,0.6951094
5856,0.7510107
5857,0.76611394
5858,-0.29280967
5859,-0.10053607
5860,0.09352224
5861,0.24180311
5862,0.35221612
5863,0.45247063
5864,0.5459483
5865,0.6432101
5866,0.7309242
5867,0.7857208
5868,0.8020223
5869,-0.2906644
5870,-0.09223756
5871,0.108187705
5872,0.26082933
5873,0.37540025
5874,0.4778141
5875,0.5732008
5876,0.6728327
5877,0.76025
5878,0.81526655
5879,0.8339477
5880,-0.30461022
5881,-0.09954281
5882,0.10946512
5883,0.2702898
5884,0.391939
5885,0.49829724
5886,0.59798265
5887,0.70006406
5888,0.7870436
5889,0.84359914
5890,0.8639624
5891,-0.3428729
5892,-0.1294447
5893,0.089614585
5894,0.26030907
5895,0.39160797
5896,0.5048653
5897,0.6094722
5898,0.71450937
5899,0.8034487
5900,0.8618087
5901,0.8854281
5902,-0.4075678
5903,-0.19162163
5904,0.036718987
5905,0.22360793
5906,0.36587304
5907,0.48763686
5908,0.5998617
5909,0.7105814
5910,0.80425674
5911,0.8674381
5912,0.89429975
5913,-0.49733028
5914,-0.28499773
5915,-0.052633885
5916,0.14937387
5917,0.30397612
5918,0.44038865
5919,0.5612053
5920,0.6823643
5921,0.784697
5922,0.8543279
5923,0.88411427
5924,-0.6009609
5925,-0.39249504
5926,-0.16376713
5927,0.043446086
5928,0.21627498
5929,0.36140308
5930,0.4944479
5931,0.6294676
5932,0.74260443
5933,0.81801385
5934,0.8497202
5935,-0.6904612
5936,-0.4896165
5937,-0.26982492
5938,-0.06005388
5939,0.11797293
5940,0.2733967
5941,0.41647828
5942,0.56033146
5943,0.68029034
5944,0.76321346
5945,0.7945275
5946,-0.75167304
5947,-0.55743295
5948,-0.34665266
5949,-0.14425866
5950,0.03333532
5951,0.19245131
5952,0.3376887
5953,0.48548028
5954,0.611625
5955,0.6965292
5956,0.7267672
5957,-0.33190262
5958,-0.2147176
5959,-0.09188382
5960,0.023815295
5961,0.115131885
5962,0.19068407
5963,0.2734383
5964,0.3698101
5965,0.45940116
5966,0.50896055
5967,0.51626927
5968,-0.29944822
5969,-0.18016624
5970,-0.052204166
5971,0.06707297
5972,0.16135399
5973,0.24110743
5974,0.32667923
5975,0.42652255
5976,0.5164813
5977,0.5692122
5978,0.57555884
5979,-0.2801103
5980,-0.1564252
5981,-0.024228545
5982,0.09795538
5983,0.1960811
5984,0.27731273
5985,0.36514395
5986,0.4668996
5987,0.5573577
5988,0.60982144
5989,0.61772686
5990,-0.263503
5991,-0.13499655
5992,0.0032856972
5993,0.12966767
5994,0.22759765
5995,0.31180507
5996,0.40231368
5997,0.5062768
5998,0.5959158
5999,0.64643097
6000,0.6568335
6001,-0.25381872
6002,-0.118639216
6003,0.025466038
6004,0.15492004
6005,0.2558571
6006,0.34246045
6007,0.43342903
6008,0.53721875
6009,0.62633413
6010,0.67919385
6011,0.6890184
6012,-0.2567708
6013,-0.1133341
6014,0.037037317
6015,0.17264144
6016,0.27631506
6017,0.36454785
6018,0.45552787
6019,0.5596924
6020,0.6491726
6021,0.702809
6022,0.71365434
6023,-0.279963
6024,-0.12676598
6025,0.029590467
6026,0.17328851
6027,0.2815774
6028,0.37127107
6029,0.46263424
6030,0.5650882
6031,0.65554357
6032,0.7105272
6033,0.72413635
6034,-0.3246731
6035,-0.164855
6036,-0.0037379772
6037,0.14855932
6038,0.26380637
6039,0.3575341
6040,0.44962266
6041,0.5503972
6042,0.63965905
6043,0.69713986
6044,0.7135755
6045,-0.3885554
6046,-0.22514819
6047,-0.06319908
6048,0.095844164
6049,0.22053288
6050,0.32075965
6051,0.41739228
6052,0.51556945
6053,0.604598
6054,0.6638709
6055,0.68075246
6056,-0.46044356
6057,-0.29730403
6058,-0.1387313
6059,0.021171486
6060,0.15399292
6061,0.26424187
6062,0.3657216
6063,0.46712694
6064,0.55563086
6065,0.6137203
6066,0.6328761
6067,-0.52487755
6068,-0.36515474
6069,-0.21050109
6070,-0.053486712
6071,0.085652776
6072,0.2009208
6073,0.30971092
6074,0.41322073
6075,0.50332093
6076,0.5627685
6077,0.5805997
6078,-0.56831336
6079,-0.4146752
6080,-0.26420572
6081,-0.110765174
6082,0.031006247
6083,0.15135546
6084,0.26221842
6085,0.3690476
6086,0.4599926
6087,0.52124476
6088,0.53984094
6392,-0.33754048
6393,-0.19743542
6394,-0.057974484
6395,0.06345601
6396,0.16467315
6397,0.254146
6398,0.34393704
6399,0.4458104
6400,0.538538
6401,0.59038675
6402,0.5941928
6403,-0.3035802
6404,-0.16273005
6405,-0.018468928
6406,0.10804937
6407,0.21021083
6408,0.30398098
6409,0.39828682
6410,0.5045286
6411,0.5965999
6412,0.6493244
6413,0.65463865
6414,-0.2815459
6415,-0.14007978
6416,0.009935568
6417,0.13928686
6418,0.24509914
6419,0.33943754
6420,0.43580967
6421,0.5464644
6422,0.639815
6423,0.6898682
6424,0.6979742
6425,-0.26522243
6426,-0.11974411
6427,0.035664972
6428,0.16992472
6429,0.27758133
6430,0.37341017
6431,0.47516897
6432,0.58453447
6433,0.67815524
6434,0.7295659
6435,0.73581165
6436,-0.25607234
6437,-0.10598098
6438,0.056686275
6439,0.19552994
6440,0.3057704
6441,0.40443248
6442,0.5061001
6443,0.6169793
6444,0.70942444
6445,0.76044375
6446,0.76893145
6447,-0.2610219
6448,-0.10386281
6449,0.06618634
6450,0.21196032
6451,0.32464558
6452,0.42519662
6453,0.52948004
6454,0.64026916
6455,0.7305261
6456,0.78222984
6457,0.7924288
6458,-0.28939638
6459,-0.12190041
6460,0.055153374
6461,0.21029088
6462,0.32832518
6463,0.43123373
6464,0.535946
6465,0.6462398
6466,0.73714536
6467,0.7901319
6468,0.802386
6469,-0.34668604
6470,-0.17060947
6471,0.014475266
6472,0.18087472
6473,0.30688903
6474,0.413757
6475,0.520225
6476,0.62994087
6477,0.7217918
6478,0.7771082
6479,0.7915385
6480,-0.4266756
6481,-0.24328226
6482,-0.05652069
6483,0.11930654
6484,0.25647342
6485,0.37248352
6486,0.48271865
6487,0.5936989
6488,0.6853275
6489,0.7434152
6490,0.7594067
6491,-0.52166015
6492,-0.3383092
6493,-0.15156253
6494,0.029695781
6495,0.17857787
6496,0.3010811
6497,0.41697356
6498,0.5325986
6499,0.62768954
6500,0.68885386
6501,0.7056553
6502,-0.6019419
6503,-0.4249668
6504,-0.24361043
6505,-0.062342364
6506,0.09203092
6507,0.22162896
6508,0.3414751
6509,0.46112218
6510,0.5600398
6511,0.62322044
6512,0.64033425
6513,-0.6483704
6514,-0.47853127
6515,-0.30344504
6516,-0.12738363
6517,0.029329384
6518,0.16143824
6519,0.28551465
6520,0.4066314
6521,0.50741667
6522,0.5723823
6523,0.5907215
6524,-0.29378325
6525,-0.12853506
6526,0.027503587
6527,0.15379706
6528,0.25486687
6529,0.34562758
6530,0.4323608
6531,0.532854
6532,0.622068
6533,0.6766236
6534,0.6845652
6535,-0.2579352
6536,-0.092285775
6537,0.06928636
6538,0.19846325
6539,0.30076787
6540,0.39297017
6541,0.48551702
6542,0.58496785
6543,0.6766315
6544,0.7292665
6545,0.7383864
6546,-0.23886748
6547,-0.07012724
6548,0.09543526
6549,0.22684853
6550,0.33201414
6551,0.4240329
6552,0.5199853
6553,0.6242891
6554,0.71265656
6555,0.7657223
6556,0.7755836
6557,-0.22451235
6558,-0.0527632
6559,0.118027635
6560,0.25465918
6561,0.36225668
6562,0.4599775
6563,0.55900496
6564,0.6632637
6565,0.7512087
6566,0.8038094
6567,0.8151382
6568,-0.22397417
6569,-0.046921335
6570,0.13177693
6571,0.2754741
6572,0.38774326
6573,0.48938194
6574,0.5896212
6575,0.69654506
6576,0.78433716
6577,0.83653617
6578,0.8500763
6579,-0.24343947
6580,-0.058817036
6581,0.12942506
6582,0.28246358
6583,0.4010245
6584,0.50705934
6585,0.6114787
6586,0.7191552
6587,0.8081489
6588,0.8621942
6589,0.8792169
6590,-0.29033142
6591,-0.095390394
6592,0.10318093
6593,0.26963452
6594,0.39634153
6595,0.50724643
6596,0.6153993
6597,0.72578233
6598,0.81728494
6599,0.87485343
6600,0.89513075
6601,-0.37286985
6602,-0.16856092
6603,0.03860886
6604,0.22078624
6605,0.3617478
6606,0.47974536
6607,0.5925356
6608,0.7075579
6609,0.80470777
6610,0.867574
6611,0.89165366
6612,-0.4833052
6613,-0.27332035
6614,-0.060088225
6615,0.13530996
6616,0.2908781
6617,0.41777462
6618,0.537542
6619,0.660104
6620,0.76436317
6621,0.8323653
6622,0.85954225
6623,-0.5871523
6624,-0.37633544
6625,-0.16445877
6626,0.03400139
6627,0.19895187
6628,0.33707154
6629,0.46615288
6630,0.5952641
6631,0.7077153
6632,0.78151125
6633,0.8069029
6634,-0.6626778
6635,-0.45844802
6636,-0.25156116
6637,-0.058397215
6638,0.11004942
6639,0.25564307
6640,0.3887518
6641,0.52462596
6642,0.6412862
6643,0.7186883
6644,0.7437201
6645,-0.7042242
6646,-0.5060531
6647,-0.30392826
6648,-0.11661673
6649,0.049909856
6650,0.19430834
6651,0.32998362
6652,0.46758473
6653,0.58508766
6654,0.66317284
6655,0.6896722
6656,-0.3931527
6657,-0.20650356
6658,-0.013223755
6659,0.13545908
6660,0.24606344
6661,0.34500414
6662,0.44141197
6663,0.5375808
6664,0.62325984
6665,0.6768626
6666,0.6946814
6667,-0.3717924
6668,-0.17917557
6669,0.019614263
6670,0.1731058
6671,0.28603458
6672,0.3871771
6673,0.4832032
6674,0.5822689
6675,0.668119
6676,0.72127664
6677,0.7417821
6678,-0.36159414
6679,-0.16320166
6680,0.042219754
6681,0.1995191
6682,0.31587607
6683,0.41965488
6684,0.51593333
6685,0.6153987
6686,0.70155984
6687,0.7566881
6688,0.7782344
6689,-0.3627034
6690,-0.15722324
6691,0.054940686
6692,0.21844223
6693,0.3389638
6694,0.44484842
6695,0.542833
6696,0.64340705
6697,0.7291769
6698,0.7854139
6699,0.8086113
6700,-0.3802873
6701,-0.1664559
6702,0.05438199
6703,0.22635427
6704,0.3525031
6705,0.462572
6706,0.5640759
6707,0.6654376
6708,0.75289524
6709,0.81194633
6710,0.8364233
6711,-0.4226505
6712,-0.19998781
6713,0.031604666
6714,0.2145801
6715,0.34827974
6716,0.46440122
6717,0.57022744
6718,0.6750126
6719,0.76575446
6720,0.8269984
6721,0.853434
6722,-0.49270046
6723,-0.26304057
6724,-0.020589074
6725,0.17357461
6726,0.31949124
6727,0.44350386
6728,0.5559466
6729,0.66650575
6730,0.76297855
6731,0.82849467
6732,0.8566859
6733,-0.58667743
6734,-0.3615912
6735,-0.116148375
6736,0.09497546
6737,0.25443307
6738,0.3888865
6739,0.51343954
6740,0.63382214
6741,0.7382528
6742,0.81012195
6743,0.83988416
6744,-0.6914004
6745,-0.47698167
6746,-0.2368764
6747,-0.018541034
6748,0.1575519
6749,0.306928
6750,0.44169274
6751,0.57634145
6752,0.6916917
6753,0.76935923
6754,0.799782
6755,-0.7859596
6756,-0.58834213
6757,-0.36235726
6758,-0.14308594
6759,0.042502053
6760,0.20283629
6761,0.35083514
6762,0.4945608
6763,0.62013465
6764,0.7022993
6765,0.73139685
6839,-0.4356701
6840,-0.29051098
6841,-0.14895724
6842,-0.040193595
6843,0.04555851
6844,0.13386449
6845,0.22529967
6846,0.32703796
6847,0.4201175
6848,0.47658837
6849,0.48517877
6850,-0.41472685
6851,-0.26883376
6852,-0.12410276
6853,-0.014711092
6854,0.07552751
6855,0.16583954
6856,0.25714645
6857,0.36242133
6858,0.4553171
6859,0.5093029
6860,0.5175158
6861,-0.39642128
6862,-0.25047007
6863,-0.100659885
6864,0.013128591
6865,0.10552622
6866,0.19662601
6867,0.29082406
6868,0.395163
6869,0.48799378
6870,0.5407011
6871,0.54775745
6872,-0.38222668
6873,-0.23204422
6874,-0.07759129
6875,0.038173717
6876,0.1344365
6877,0.22912364
6878,0.32508552
6879,0.42955858
6880,0.520439
6881,0.57129884
6882,0.57939094
6883,-0.37469065
6884,-0.22065164
6885,-0.061667647
6886,0.05793045
6887,0.1569722
6888,0.25378618
6889,0.35104027
6890,0.45575488
6891,0.5462873
6892,0.59624934
6893,0.6046885
6894,-0.3753467
6895,-0.21689898
6896,-0.053653434
6897,0.07050545
6898,0.17224161
6899,0.2708464
6900,0.36876068
6901,0.47294262
6902,0.5650203
6903,0.6156793
6904,0.6247485
6905,-0.38508716
6906,-0.22236119
6907,-0.054015543
6908,0.07479825
6909,0.17940536
6910,0.27973515
6911,0.37935176
6912,0.48496053
6913,0.57622176
6914,0.6287297
6915,0.6388246
6916,-0.4074168
6917,-0.24034117
6918,-0.06722346
6919,0.0676905
6920,0.17573915
6921,0.27827853
6922,0.37913048
6923,0.4855197
6924,0.57802385
6925,0.63203543
6926,0.64345735
6927,-0.4409755
6928,-0.27051875
6929,-0.092320316
6930,0.048195746
6931,0.16016792
6932,0.26456743
6933,0.36765173
6934,0.47479248
6935,0.5681643
6936,0.6246544
6937,0.63761926
6938,-0.48324507
6939,-0.31050822
6940,-0.12885477
6941,0.01843691
6942,0.13230844
6943,0.23940063
6944,0.34506816
6945,0.45408946
6946,0.5483443
6947,0.60600406
6948,0.62048995
6949,-0.540193
6950,-0.36611938
6951,-0.18228057
6952,-0.028429875
6953,0.090306945
6954,0.1968465
6955,0.3056308
6956,0.41674244
6957,0.5129347
6958,0.57325876
6959,0.5878508
6960,-0.59400684
6961,-0.41909707
6962,-0.23526965
6963,-0.07768342
6964,0.043061886
6965,0.15320915
6966,0.26408282
6967,0.37673897
6968,0.47083804
6969,0.53458804
6970,0.5510575
6971,-0.6452393
6972,-0.47289175
6973,-0.29013184
6974,-0.12770681
6975,-0.0047908407
6976,0.10455068
6977,0.21674833
6978,0.33033216
6979,0.42770612
6980,0.49097094
6981,0.5105936
6982,-0.69026405
6983,-0.5207605
6984,-0.3419862
6985,-0.179734
6986,-0.05208374
6987,0.05850787
6988,0.17129904
6989,0.2851812
6990,0.38332012
6991,0.44876546
6992,0.4711179
6993,-0.74033767
6994,-0.5717499
6995,-0.39522824
6996,-0.23480915
6997,-0.10591713
6998,0.006700166
6999,0.119396634
7000,0.23346914
7001,0.3323699
7002,0.4015009
7003,0.42562154
7004,-0.779756
7005,-0.61083776
7006,-0.43460172
7007,-0.2765927
7008,-0.14898111
7009,-0.03583772
7010,0.07508648
7011,0.18909849
7012,0.28928643
7013,0.36104098
7014,0.38791764
7015,-0.4067686
7016,-0.25670043
7017,-0.100743316
7018,0.025786746
7019,0.12441567
7020,0.21825656
7021,0.31203473
7022,0.41398734
7023,0.50638616
7024,0.5637253
7025,0.57841086
7026,-0.38701785
7027,-0.23384127
7028,-0.07458711
7029,0.05239203
7030,0.1540397
7031,0.2502531
7032,0.34465915
7033,0.44710746
7034,0.5390681
7035,0.5951093
7036,0.61040413
7037,-0.37158787
7038,-0.21416979
7039,-0.05200546
7040,0.07590032
7041,0.1792122
7042,0.27850404
7043,0.37558782
7044,0.47853893
7045,0.56858075
7046,0.6263073
7047,0.64138657
7048,-0.3611579
7049,-0.20068906
7050,-0.03574574
7051,0.09471753
7052,0.20060287
7053,0.3016291
7054,0.4004758
7055,0.50488293
7056,0.5952751
7057,0.6530394
7058,0.6682856
7059,-0.35918435
7060,-0.19524722
7061,-0.0266804
7062,0.10613835
7063,0.2146211
7064,0.31815135
7065,0.4189421
7066,0.5238462
7067,0.61560076
7068,0.67371076
7069,0.6906661
7070,-0.36546606
7071,-0.19821487
7072,-0.026368273
7073,0.109024286
7074,0.22004153
7075,0.32577792
7076,0.42867795
7077,0.53452146
7078,0.6273718
7079,0.6863595
7080,0.70434874
7081,-0.3839484
7082,-0.21184625
7083,-0.037181936
7084,0.10280896
7085,0.21605633
7086,0.32494286
7087,0.43030185
7088,0.53877085
7089,0.6336043
7090,0.6934423
7091,0.71267194
7092,-0.41455922
7093,-0.2390798
7094,-0.061462566
7095,0.08317781
7096,0.20083232
7097,0.31208077
7098,0.42020798
7099,0.53153914
7100,0.62939125
7101,0.6911265
7102,0.71158147
7103,-0.45548704
7104,-0.27497056
7105,-0.094143055
7106,0.052850682
7107,0.17585488
7108,0.29117882
7109,0.4014031
7110,0.51544034
7111,0.61594445
7112,0.6794623
7113,0.7005626
7114,-0.5044956
7115,-0.3217867
7116,-0.13902906
7117,0.015277543
7118,0.1383791
7119,0.2574062
7120,0.3718599
7121,0.48940793
7122,0.5918339
7123,0.6581221
7124,0.6797753
7125,-0.56191236
7126,-0.37733644
7127,-0.19457464
7128,-0.03681816
7129,0.09256001
7130,0.21332857
7131,0.33081773
7132,0.45024478
7133,0.5568879
7134,0.62548447
7135,0.6480919
7136,-0.6170416
7137,-0.4361255
7138,-0.25135714
7139,-0.091622934
7140,0.04300254
7141,0.1662135
7142,0.28574812
7143,0.40769923
7144,0.5154951
7145,0.58512676
7146,0.6080288
7147,-0.6703663
7148,-0.48829922
7149,-0.30571637
7150,-0.1428082
7151,-0.0073385495
7152,0.11841774
7153,0.23725723
7154,0.35846567
7155,0.4688908
7156,0.54068047
7157,0.564019
7158,-0.7179121
7159,-0.53436655
7160,-0.34983197
7161,-0.18723753
7162,-0.052113906
7163,0.07095995
7164,0.19161434
7165,0.3137452
7166,0.42447975
7167,0.4968497
7168,0.51919806
7169,-0.77013236
7170,-0.584865
7171,-0.39825267
7172,-0.23477425
7173,-0.100078054
7174,0.022671616
7175,0.14088608
7176,0.26195982
7177,0.37177742
7178,0.4459011
7179,0.471857
7180,-0.80994827
7181,-0.62598026
7182,-0.43600443
7183,-0.26965472
7184,-0.13704433
7185,-0.016579192
7186,0.09695537
7187,0.21845526
7188,0.32814628
7189,0.4039506
7190,0.43160316
7246,-0.47829565
7247,-0.31946498
7248,-0.18256442
7249,-0.069874115
7250,0.03445128
7251,0.13554682
7252,0.238597
7253,0.34946877
7254,0.4434258
7255,0.49847403
7256,0.51071876
7257,-0.4641304
7258,-0.30287156
7259,-0.16251783
7260,-0.048124325
7261,0.056855798
7262,0.15929434
7263,0.26317608
7264,0.37490627
7265,0.47017035
7266,0.52567947
7267,0.53732693
7268,-0.4525363
7269,-0.28646952
7270,-0.14335373
7271,-0.025743071
7272,0.08053433
7273,0.1832571
7274,0.28870636
7275,0.4003628
7276,0.4960112
7277,0.5521519
7278,0.5659009
7279,-0.44598845
7280,-0.27503383
7281,-0.12613896
7282,-0.0060916017
7283,0.102179006
7284,0.20518166
7285,0.31156257
7286,0.42310232
7287,0.5190373
7288,0.5771216
7289,0.59214807
7290,-0.44794002
7291,-0.26993692
7292,-0.11550343
7293,0.007393688
7294,0.11572639
7295,0.22119401
7296,0.32801157
7297,0.44068474
7298,0.5367058
7299,0.5949696
7300,0.6129261
7301,-0.45826626
7302,-0.27360564
7303,-0.11311448
7304,0.012336359
7305,0.12136061
7306,0.22790818
7307,0.33655065
7308,0.4493908
7309,0.5462122
7310,0.6059084
7311,0.62535435
7312,-0.47914118
7313,-0.28691843
7314,-0.11970291
7315,0.008816489
7316,0.118714996
7317,0.22697398
7318,0.33705664
7319,0.45077455
7320,0.5487298
7321,0.61026627
7322,0.6316625
7323,-0.51622325
7324,-0.31520197
7325,-0.13950868
7326,-0.006500388
7327,0.10467288
7328,0.21395431
7329,0.327604
7330,0.4431143
7331,0.54215944
7332,0.60581005
7333,0.6293184
7334,-0.5577415
7335,-0.35574067
7336,-0.17193414
7337,-0.034253977
7338,0.081315786
7339,0.19320466
7340,0.3090004
7341,0.4251138
7342,0.5268247
7343,0.5920571
7344,0.61684173
7345,-0.612533
7346,-0.40728983
7347,-0.21681754
7348,-0.072144225
7349,0.046501495
7350,0.16055848
7351,0.2795021
7352,0.39865348
7353,0.5014307
7354,0.5687438
7355,0.5947291
7356,-0.6759116
7357,-0.47208416
7358,-0.27991456
7359,-0.12502716
7360,-0.000892209
7361,0.11604049
7362,0.23614354
7363,0.36127865
7364,0.46498096
7365,0.5342225
7366,0.55900085
7367,-0.7354506
7368,-0.5389043
7369,-0.34483066
7370,-0.18253747
7371,-0.054748453
7372,0.06589765
7373,0.19202617
7374,0.31758967
7375,0.42520553
7376,0.49382773
7377,0.518446
7378,-0.7900025
7379,-0.59882486
7380,-0.41090438
7381,-0.247595
7382,-0.11219754
7383,0.013461516
7384,0.14179486
7385,0.27054253
7386,0.38043696
7387,0.44987246
7388,0.47277063
7389,-0.8342172
7390,-0.6519498
7391,-0.4704323
7392,-0.30523828
7393,-0.16497557
7394,-0.037237022
7395,0.09483933
7396,0.2257156
7397,0.3363442
7398,0.40603802
7399,0.4286761
7400,-0.86705875
7401,-0.69124085
7402,-0.516378
7403,-0.3554494
7404,-0.21169685
7405,-0.07926106
7406,0.051901765
7407,0.18551323
7408,0.297181
7409,0.3687054
7410,0.39060882
7411,-0.8912474
7412,-0.7178908
7413,-0.5463889
7414,-0.38895783
7415,-0.24532427
7416,-0.11269874
7417,0.018924197
7418,0.1537475
7419,0.2662761
7420,0.33846495
7421,0.36145988
7475,-0.47319445
7476,-0.33458844
7477,-0.18862969
7478,-0.07602485
7479,0.0057079825
7480,0.075878285
7481,0.15302418
7482,0.24533491
7483,0.33271733
7484,0.38198712
7485,0.38608733
7486,-0.4526195
7487,-0.31277975
7488,-0.16554959
7489,-0.051328126
7490,0.02986819
7491,0.10329996
7492,0.18075518
7493,0.274264
7494,0.36216018
7495,0.41051733
7496,0.4134074
7497,-0.43336958
7498,-0.29094553
7499,-0.1425452
7500,-0.02945906
7501,0.05515497
7502,0.12954815
7503,0.2081206
7504,0.30196035
7505,0.3894575
7506,0.4388938
7507,0.44154742
7508,-0.4138103
7509,-0.26701048
7510,-0.115049705
7511,-2.0869573e-05
7512,0.086280055
7513,0.16573583
7514,0.24501683
7515,0.33926305
7516,0.42517838
7517,0.47188517
7518,0.4754383
7519,-0.4002322
7520,-0.2491588
7521,-0.09477116
7522,0.02358514
7523,0.11285
7524,0.19195254
7525,0.27419594
7526,0.36877277
7527,0.45346215
7528,0.50049764
7529,0.5042635
7530,-0.3937476
7531,-0.23640278
7532,-0.07781417
7533,0.04245786
7534,0.13373992
7535,0.21546099
7536,0.29875448
7537,0.3930327
7538,0.47770134
7539,0.5251506
7540,0.5280947
7541,-0.39522395
7542,-0.23084952
7543,-0.067742184
7544,0.055710863
7545,0.14903541
7546,0.23247784
7547,0.3162478
7548,0.41218138
7549,0.4975496
7550,0.5442417
7551,0.548757
7552,-0.40879914
7553,-0.23672892
7554,-0.06714823
7555,0.061329253
7556,0.15731269
7557,0.24268906
7558,0.32770067
7559,0.42300907
7560,0.50875485
7561,0.55653405
7562,0.56264
7563,-0.43720478
7564,-0.25720736
7565,-0.08086605
7566,0.05370337
7567,0.15276913
7568,0.24049397
7569,0.32732126
7570,0.42272753
7571,0.50852305
7572,0.55763614
7573,0.56530565
7574,-0.47664702
7575,-0.29388067
7576,-0.11101989
7577,0.031307235
7578,0.13419801
7579,0.22446659
7580,0.31438485
7581,0.41046998
7582,0.49670804
7583,0.5472435
7584,0.55659086
7585,-0.52931285
7586,-0.34950772
7587,-0.16264336
7588,-0.013432994
7589,0.09400954
7590,0.18899883
7591,0.28339976
7592,0.38250482
7593,0.46863002
7594,0.52110934
7595,0.5330159
7596,-0.57678246
7597,-0.40317807
7598,-0.22135347
7599,-0.06869566
7600,0.045470793
7601,0.14357308
7602,0.24277014
7603,0.34610578
7604,0.43443868
7605,0.48849148
7606,0.50296825
7607,-0.61659056
7608,-0.45071375
7609,-0.2737509
7610,-0.12000154
7611,-0.001799189
7612,0.099986404
7613,0.20239173
7614,0.30790475
7615,0.39891466
7616,0.45535365
7617,0.47078115
7618,-0.64747673
7619,-0.4862439
7620,-0.3146897
7621,-0.1606916
7622,-0.04108386
7623,0.06331527
7624,0.16731504
7625,0.27373034
7626,0.36699125
7627,0.4253061
7628,0.44274977
7629,-0.69591343
7630,-0.54041016
7631,-0.37220305
7632,-0.21912228
7633,-0.095744096
7634,0.011279113
7635,0.11501548
7636,0.22172637
7637,0.31599092
7638,0.38028386
7639,0.40014833
7640,-0.73486334
7641,-0.5835086
7642,-0.41614512
7643,-0.26131403
7644,-0.13499102
7645,-0.028041983
7646,0.075479746
7647,0.18222618
7648,0.27632454
7649,0.3418559
7650,0.36533025
7772,-0.50331086
7773,-0.31410563
7774,-0.15874456
7775,-0.040735044
7776,0.06132962
7777,0.15976562
7778,0.26100266
7779,0.36246765
7780,0.44146025
7781,0.48244235
7782,0.48712346
7783,-0.4895728
7784,-0.29633188
7785,-0.13831607
7786,-0.020358555
7787,0.08312382
7788,0.18270159
7789,0.28301615
7790,0.38543102
7791,0.4635131
7792,0.5047033
7793,0.51098007
7794,-0.4799816
7795,-0.2815927
7796,-0.11891996
7797,0.001137515
7798,0.105523795
7799,0.20497225
7800,0.3058453
7801,0.40883443
7802,0.48734853
7803,0.52892214
7804,0.53646743
7805,-0.4748311
7806,-0.27008772
7807,-0.10315976
7808,0.02070314
7809,0.12630887
7810,0.22616853
7811,0.32768252
7812,0.42866448
7813,0.50846565
7814,0.5496146
7815,0.5586342
7816,-0.48021019
7817,-0.2678898
7818,-0.093547374
7819,0.03397307
7820,0.14110112
7821,0.24319427
7822,0.3460168
7823,0.44751194
7824,0.52573746
7825,0.5690598
7826,0.5804567
7827,-0.494901
7828,-0.27702612
7829,-0.09544649
7830,0.036574136
7831,0.14604783
7832,0.24978259
7833,0.35333538
7834,0.455556
7835,0.53408796
7836,0.5787338
7837,0.5915962
7838,-0.5225126
7839,-0.300873
7840,-0.109718755
7841,0.02855385
7842,0.1409017
7843,0.2470569
7844,0.35279408
7845,0.45568508
7846,0.5353181
7847,0.5819799
7848,0.5963854
7849,-0.555729
7850,-0.330563
7851,-0.13335581
7852,0.011427355
7853,0.12690026
7854,0.2361278
7855,0.34405747
7856,0.44843778
7857,0.52977794
7858,0.5777447
7859,0.5937535
7860,-0.60088146
7861,-0.37628934
7862,-0.17157196
7863,-0.01867815
7864,0.101617195
7865,0.21357946
7866,0.3235419
7867,0.43171665
7868,0.5150092
7869,0.565301
7870,0.5824182
7871,-0.6537994
7872,-0.43279487
7873,-0.22372445
7874,-0.061981726
7875,0.06248773
7876,0.17793597
7877,0.29358014
7878,0.4045636
7879,0.490908
7880,0.543986
7881,0.56190234
7882,-0.717347
7883,-0.5054422
7884,-0.29427072
7885,-0.12239268
7886,0.009842446
7887,0.12785886
7888,0.24613799
7889,0.36418188
7890,0.45406076
7891,0.5090387
7892,0.52779585
7893,-0.7782142
7894,-0.5723142
7895,-0.36234733
7896,-0.1858399
7897,-0.04939027
7898,0.07269284
7899,0.19488564
7900,0.3176399
7901,0.41061783
7902,0.47198442
7903,0.48766524
7904,-0.83690965
7905,-0.6379357
7906,-0.43311536
7907,-0.25401837
7908,-0.11389363
7909,0.011314935
7910,0.13818678
7911,0.26562276
7912,0.36631835
7913,0.42617399
7914,0.44272196
7915,-0.88722986
7916,-0.6940349
7917,-0.49698836
7918,-0.3199555
7919,-0.17405769
7920,-0.04652142
7921,0.08270381
7922,0.21464081
7923,0.3203748
7924,0.3825034
7925,0.39851972
7926,-0.6066362
7927,-0.4022893
7928,-0.22551471
7929,-0.09289886
7930,0.013039617
7931,0.114990726
7932,0.2143073
7933,0.31723636
7934,0.40256038
7935,0.45508516
7936,0.47229174
7937,-0.597876
7938,-0.3888043
7939,-0.20803376
7940,-0.07274266
7941,0.035305988
7942,0.13513169
7943,0.23422314
7944,0.3359705
7945,0.42266044
7946,0.4743242
7947,0.4906718
7948,-0.5920961
7949,-0.37620097
7950,-0.1890624
7951,-0.05144824
7952,0.057600267
7953,0.15701127
7954,0.25578675
7955,0.3576627
7956,0.44252938
7957,0.49519387
7958,0.5125758
7959,-0.59272134
7960,-0.36931047
7961,-0.17607246
7962,-0.034532685
7963,0.074402645
7964,0.17526643
7965,0.27440444
7966,0.3750696
7967,0.46014494
7968,0.5122362
7969,0.5299015
7970,-0.6018201
7971,-0.37095612
7972,-0.17192288
7973,-0.026597667
7974,0.08544571
7975,0.18685913
7976,0.28597814
7977,0.3879145
7978,0.4725243
7979,0.52481955
7980,0.54262155
7981,-0.6198506
7982,-0.38358778
7983,-0.17758006
7984,-0.027423192
7985,0.0876725
7986,0.1906208
7987,0.29091293
7988,0.39352322
7989,0.479246
7990,0.5320415
7991,0.5498435
7992,-0.6520659
7993,-0.41135934
7994,-0.19820158
7995,-0.041081894
7996,0.077816516
7997,0.18300454
7998,0.28553453
7999,0.39070308
8000,0.47811094
8001,0.5320841
8002,0.5498409
8003,-0.6975497
8004,-0.45444563
8005,-0.23311225
8006,-0.06957827
8007,0.05434579
8008,0.16185893
8009,0.2663763
8010,0.37560973
8011,0.4658915
8012,0.52243793
8013,0.53973895
8014,-0.7467924
8015,-0.5060587
8016,-0.28096184
8017,-0.11132158
8018,0.018748939
8019,0.12574802
8020,0.2354243
8021,0.34933937
8022,0.44344065
8023,0.50164276
8024,0.519006
8025,-0.81051064
8026,-0.5761468
8027,-0.34576482
8028,-0.16869989
8029,-0.0381521
8030,0.07357229
8031,0.18527056
8032,0.3037011
8033,0.40399534
8034,0.46623847
8035,0.4818674
8036,-0.8785943
8037,-0.657134
8038,-0.4293335
8039,-0.24308929
8040,-0.106403224
8041,0.004950131
8042,0.117258534
8043,0.23957506
8044,0.3460483
8045,0.41334757
8046,0.43072712
8047,-0.9363659
8048,-0.73026884
8049,-0.5051143
8050,-0.31184724
8051,-0.17295097
8052,-0.06474004
8053,0.05015192
8054,0.17691644
8055,0.28829473
8056,0.356934
8057,0.3762932
8058,-0.9854908
8059,-0.7933524
8060,-0.5768986
8061,-0.380869
8062,-0.2375715
8063,-0.12969331
8064,-0.016225722
8065,0.114120975
8066,0.23060821
8067,0.30353156
8068,0.32423893
8124,-0.45595393
8125,-0.30338892
8126,-0.15509199
8127,-0.022813898
8128,0.08095717
8129,0.18083622
8130,0.27881476
8131,0.38221115
8132,0.47409245
8133,0.53127414
8134,0.5463864
8135,-0.43795663
8136,-0.27889457
8137,-0.1296653
8138,0.0030726988
8139,0.109697804
8140,0.20866592
8141,0.3096967
8142,0.41293958
8143,0.50433505
8144,0.55991274
8145,0.57595885
8146,-0.42383343
8147,-0.25988254
8148,-0.10521755
8149,0.027960394
8150,0.13509487
8151,0.23537157
8152,0.336498
8153,0.4392023
8154,0.5295769
8155,0.5878414
8156,0.6034755
8157,-0.41519454
8158,-0.24618366
8159,-0.08682079
8160,0.047287427
8161,0.15507047
8162,0.2564719
8163,0.35875776
8164,0.46281874
8165,0.55403924
8166,0.61211854
8167,0.62848574
8168,-0.41437805
8169,-0.23847233
8170,-0.07446276
8171,0.060305946
8172,0.16885503
8173,0.27357632
8174,0.37680456
8175,0.48205268
8176,0.57343775
8177,0.6328501
8178,0.65052265
8179,-0.42174664
8180,-0.23949346
8181,-0.070884675
8182,0.065114155
8183,0.1744959
8184,0.2807399
8185,0.3865121
8186,0.49352208
8187,0.585988
8188,0.64627814
8189,0.66658866
8190,-0.43917352
8191,-0.2501077
8192,-0.076600514
8193,0.060778324
8194,0.17169394
8195,0.2801667
8196,0.38835123
8197,0.49804255
8198,0.5929715
8199,0.65444964
8200,0.67632693
8201,-0.4684267
8202,-0.27395767
8203,-0.09549747
8204,0.04515245
8205,0.15806516
8206,0.2680286
8207,0.3800117
8208,0.49325022
8209,0.5914288
8210,0.6547663
8211,0.678264
8212,-0.5105371
8213,-0.3112757
8214,-0.12590665
8215,0.01819525
8216,0.1322804
8217,0.24545555
8218,0.36051542
8219,0.478548
8220,0.5806218
8221,0.64659524
8222,0.67093486
8223,-0.55722004
8224,-0.35820833
8225,-0.17011423
8226,-0.02147045
8227,0.095746055
8228,0.21227935
8229,0.33139542
8230,0.45277575
8231,0.55982906
8232,0.62856454
8233,0.6537264
8234,-0.61922544
8235,-0.42435077
8236,-0.2320659
8237,-0.07754365
8238,0.042482235
8239,0.16353413
8240,0.2854745
8241,0.41351068
8242,0.5231863
8243,0.595679
8244,0.62153417
8245,-0.67487735
8246,-0.4840167
8247,-0.2917762
8248,-0.1312683
8249,-0.0058811805
8250,0.115641974
8251,0.24188691
8252,0.37102014
8253,0.48252058
8254,0.5571462
8255,0.58401513
8256,-0.7269762
8257,-0.5423736
8258,-0.3515475
8259,-0.18980695
8260,-0.05819801
8261,0.066069104
8262,0.19318816
8263,0.32389313
8264,0.4395604
8265,0.51292336
8266,0.5399421
8267,-0.77586055
8268,-0.59776115
8269,-0.41327238
8270,-0.24664968
8271,-0.11115565
8272,0.015441609
8273,0.14218374
8274,0.27259207
8275,0.3873584
8276,0.46173033
8277,0.48853895
8278,-0.8148396
8279,-0.6442788
8280,-0.4622923
8281,-0.29431915
8282,-0.15567833
8283,-0.02899683
8284,0.09716551
8285,0.22784042
8286,0.34179705
8287,0.41669628
8288,0.44319734
8289,-0.84230024
8290,-0.67812634
8291,-0.5008723
8292,-0.3320592
8293,-0.18908876
8294,-0.06260693
8295,0.062240288
8296,0.19257894
8297,0.30637017
8298,0.38125214
8299,0.40723398
8472,-0.5884708
8473,-0.41371733
8474,-0.22191378
8475,-0.0602204
8476,0.062796995
8477,0.17082448
8478,0.27321294
8479,0.37825534
8480,0.47513342
8481,0.542381
8482,0.5661353
8483,-0.57989
8484,-0.40304422
8485,-0.21000756
8486,-0.04772562
8487,0.07504825
8488,0.1825603
8489,0.28416646
8490,0.38840577
8491,0.48488018
8492,0.55201435
8493,0.5757915
8494,-0.5733173
8495,-0.39472377
8496,-0.20051542
8497,-0.037661977
8498,0.084991746
8499,0.19213809
8500,0.29321435
8501,0.39702624
8502,0.49339214
8503,0.5595503
8504,0.5844061
8505,-0.56739575
8506,-0.38712344
8507,-0.19170955
8508,-0.028270178
8509,0.09431794
8510,0.2011576
8511,0.30181038
8512,0.40537155
8513,0.5017764
8514,0.56793123
8515,0.5918785
8516,-0.5621691
8517,-0.38033542
8518,-0.18375154
8519,-0.019748993
8520,0.10281175
8521,0.2093998
8522,0.30972385
8523,0.41316685
8524,0.5097054
8525,0.5771051
8526,0.60119617
8527,-0.5561669
8528,-0.37244952
8529,-0.1755914
8530,-0.010986144
8531,0.11284556
8532,0.21916924
8533,0.31796837
8534,0.42138836
8535,0.5181483
8536,0.5857336
8537,0.6099822
8538,-0.54941595
8539,-0.36346433
8540,-0.16366132
8541,0.0018611302
8542,0.1244687
8543,0.23053047
8544,0.33024675
8545,0.43252504
8546,0.529687
8547,0.5975697
8548,0.6234553
8549,-0.54272217
8550,-0.35443136
8551,-0.15275176
8552,0.013643178
8553,0.13634291
8554,0.24218906
8555,0.34171143
8556,0.44554406
8557,0.5446867
8558,0.6115646
8559,0.6363846
8560,-0.5354398
8561,-0.34445176
8562,-0.14058632
8563,0.026823435
8564,0.14968747
8565,0.25536135
8566,0.35478833
8567,0.45910627
8568,0.5575453
8569,0.6262673
8570,0.6514704
8571,-0.52708465
8572,-0.33276698
8573,-0.12618123
8574,0.042509064
8575,0.165672
8576,0.2712556
8577,0.37075263
8578,0.47587448
8579,0.5752545
8580,0.6445539
8581,0.6702892
8582,-0.51999843
8583,-0.32258692
8584,-0.11345164
8585,0.056482192
8586,0.18003859
8587,0.28567642
8588,0.38542816
8589,0.4900535
8590,0.59177285
8591,0.66162384
8592,0.687914
8593,-0.5131641
8594,-0.31238782
8595,-0.10044487
8596,0.07094201
8597,0.19630408
8598,0.30096486
8599,0.40121126
8600,0.50843155
8601,0.6097491
8602,0.6802112
8603,0.70717484
8604,-0.5071703
8605,-0.30282608
8606,-0.087843515
8607,0.08526269
8608,0.21028253
8609,0.316657
8610,0.41769454
8611,0.52633727
8612,0.62873614
8613,0.69986576
8614,0.72763175
8615,-0.5030334
8616,-0.29526857
8617,-0.077279024
8618,0.09773232
8619,0.22391158
8620,0.33106092
8621,0.4331426
8622,0.5433181
8623,0.64675677
8624,0.71856785
8625,0.7471994
8626,-0.50107265
8627,-0.28986195
8628,-0.068707824
8629,0.10859371
8630,0.23638679
8631,0.34469286
8632,0.44815496
8633,0.5600676
8634,0.6645922
8635,0.7371769
8636,0.76679325
8637,-0.5022405
8638,-0.28769237
8639,-0.0632875
8640,0.116754465
8641,0.24673024
8642,0.35664126
8643,0.46183455
8644,0.57569045
8645,0.6813928
8646,0.7548902
8647,0.7855977
8648,-0.50750554
8649,-0.28961325
8650,-0.06226539
8651,0.12099836
8652,0.25382668
8653,0.36583373
8654,0.47310296
8655,0.58840156
8656,0.69619995
8657,0.77081406
8658,0.802695
8659,-0.514889
8660,-0.2952177
8661,-0.06523991
8662,0.12094617
8663,0.25633582
8664,0.37029856
8665,0.47938496
8666,0.5972799
8667,0.7056008
8668,0.78125817
8669,0.8140776
8861,-0.90638554
8862,-0.68162715
8863,-0.4557211
8864,-0.26209044
8865,-0.112184204
8866,0.010474783
8867,0.13034736
8868,0.25491396
8869,0.3602751
8870,0.42562535
8871,0.44522744
8872,-0.8980585
8873,-0.6717984
8874,-0.44517824
8875,-0.2511758
8876,-0.10133895
8877,0.020973556
8878,0.14030808
8879,0.26421794
8880,0.36893618
8881,0.43380383
8882,0.45319766
8883,-0.89127886
8884,-0.6635526
8885,-0.43605527
8886,-0.24142374
8887,-0.09157602
8888,0.030497113
8889,0.149477
8890,0.27288914
8891,0.37713444
8892,0.44165057
8893,0.46092224
8894,-0.8858776
8895,-0.6555112
8896,-0.42682397
8897,-0.23140933
8898,-0.081419535
8899,0.040510908
8900,0.15917327
8901,0.2805516
8902,0.38605097
8903,0.4503145
8904,0.46950564
8905,-0.8787787
8906,-0.6476688
8907,-0.41757566
8908,-0.22109503
8909,-0.070872076
8910,0.05097527
8911,0.16942683
8912,0.2920698
8913,0.39557332
8914,0.45962116
8915,0.4787755
8916,-0.8731154
8917,-0.6388737
8918,-0.4082801
8919,-0.21053074
8920,-0.059988014
8921,0.061794553
8922,0.18010513
8923,0.302475
8924,0.40571356
8925,0.46961424
8926,0.48881504
8927,-0.8662595
8928,-0.6304619
8929,-0.39594766
8930,-0.19626585
8931,-0.045158368
8932,0.07673718
8933,0.1949379
8934,0.3170517
8935,0.42004555
8936,0.48388645
8937,0.5031975
8938,-0.86028856
8939,-0.62145674
8940,-0.3838281
8941,-0.18193404
8942,-0.030080402
8943,0.09195638
8944,0.21021134
8945,0.33218142
8946,0.43500376
8947,0.49895537
8948,0.5184977
8949,-0.85476863
8950,-0.61229044
8951,-0.37077844
8952,-0.16612528
8953,-0.013310105
8954,0.10912233
8955,0.22565946
8956,0.34951863
8957,0.45234805
8958,0.51658267
8959,0.5363872
8960,-0.8503979
8961,-0.6036361
8962,-0.3574894
8963,-0.14948575
8964,0.0046129716
8965,0.12764725
8966,0.24846406
8967,0.3687209
8968,0.47172654
8969,0.5364168
8970,0.55881274
8971,-0.8480894
8972,-0.5965011
8973,-0.34510097
8974,-0.13322464
8975,0.022590112
8976,0.1465805
8977,0.2663983
8978,0.38903302
8979,0.4926134
8980,0.5580264
8981,0.57891107
8982,-0.8488405
8983,-0.59255004
8984,-0.33593068
8985,-0.120078154
8986,0.03771489
8987,0.16303784
8988,0.28406316
8989,0.4076877
8990,0.51380277
8991,0.57849926
8992,0.6000207
8993,-0.8536526
8994,-0.5926333
8995,-0.33066484
8996,-0.10991659
8997,0.04985733
8998,0.17705375
8999,0.29988936
9000,0.42509827
9001,0.5324201
9002,0.59866625
9003,0.62249655
9004,-0.8639855
9005,-0.5986951
9006,-0.3315855
9007,-0.106749944
9008,0.056679137
9009,0.1863944
9010,0.3124739
9011,0.43947425
9012,0.5485771
9013,0.6180893
9014,0.6410829
9015,-0.882719
9016,-0.61409485
9017,-0.34212786
9018,-0.11219893
9019,0.055188403
9020,0.18841486
9021,0.3175402
9022,0.44894588
9023,0.5603254
9024,0.63197607
9025,0.65567696
9026,-0.6404298
9027,-0.36483753
9028,-0.12996827
9029,0.041923977
9030,0.17939542
9031,0.31315577
9032,0.4495208
9033,0.56538844
9034,0.63989824
9035,0.66433495
9036,-0.6784264
9037,-0.40092355
9038,-0.16161816
9039,0.012987917
9040,0.15717001
9041,0.29503053
9042,0.4377241
9043,0.5595066
9044,0.6377007
9045,0.6633007
9046,-0.7130586
9047,-0.4356756
9048,-0.19356507
9049,-0.013755989
9050,0.13216147
9051,0.27551088
9052,0.42261142
9053,0.5486209
9054,0.62946206
9055,0.65512747
9372,-0.5004022
9373,-0.32784402
9374,-0.14911477
9375,-0.0022306284
9376,0.10715929
9377,0.2021667
9378,0.2938267
9379,0.39352554
9380,0.48898682
9381,0.5557416
9382,0.57868123
9383,-0.49490967
9384,-0.32178745
9385,-0.14260563
9386,0.0042835684
9387,0.11336041
9388,0.20811476
9389,0.29953307
9390,0.39899018
9391,0.49433368
9392,0.56108445
9393,0.5840453
9394,-0.49047565
9395,-0.31684628
9396,-0.13723306
9397,0.009712514
9398,0.11860135
9399,0.21319285
9400,0.30445856
9401,0.40379632
9402,0.49911636
9403,0.5659015
9404,0.58890325
9405,-0.48489073
9406,-0.31055805
9407,-0.13032424
9408,0.016755471
9409,0.12548813
9410,0.21992728
9411,0.31105503
9412,0.41033515
9413,0.5057102
9414,0.5725823
9415,0.5956654
9416,-0.47926816
9417,-0.30415693
9418,-0.12321934
9419,0.024062775
9420,0.1327267
9421,0.22707209
9422,0.3181225
9423,0.41744503
9424,0.51296294
9425,0.5799668
9426,0.6031641
9427,-0.47475106
9428,-0.29896495
9429,-0.11741004
9430,0.030081091
9431,0.1402892
9432,0.23460065
9433,0.3256365
9434,0.4235261
9435,0.5192166
9436,0.5863547
9437,0.6096666
9438,-0.46796116
9439,-0.29108146
9440,-0.10852107
9441,0.03935821
9442,0.14814189
9443,0.24248014
9444,0.33356622
9445,0.43326208
9446,0.5292978
9447,0.59667814
9448,0.62020016
9449,-0.46118182
9450,-0.28311974
9451,-0.09795324
9452,0.050485373
9453,0.15789294
9454,0.2523441
9455,0.34529507
9456,0.44546658
9457,0.5401412
9458,0.6078034
9459,0.6315795
9460,-0.45222718
9461,-0.2724713
9462,-0.0872738
9463,0.06183117
9464,0.17132221
9465,0.2660609
9466,0.3558479
9467,0.4584507
9468,0.5556025
9469,0.6236824
9470,0.64786273
9471,-0.4445563
9472,-0.26192394
9473,-0.075089104
9474,0.074900486
9475,0.18504901
9476,0.28022856
9477,0.37233698
9478,0.47403476
9479,0.57194406
9480,0.6404661
9481,0.66512054
9482,-0.435088
9483,-0.25166008
9484,-0.06312441
9485,0.086266674
9486,0.19884305
9487,0.29280967
9488,0.38741186
9489,0.49014467
9490,0.5888389
9491,0.65780604
9492,0.6829983
9493,-0.4263057
9494,-0.24071735
9495,-0.050211202
9496,0.1020751
9497,0.21245833
9498,0.3089506
9499,0.40449205
9500,0.508508
9501,0.6080672
9502,0.67533493
9503,0.70338506
9504,-0.4185154
9505,-0.23073927
9506,-0.038212944
9507,0.115521975
9508,0.22724435
9509,0.3264067
9510,0.421301
9511,0.52467495
9512,0.62495464
9513,0.6948232
9514,0.72133535
9515,-0.41205448
9516,-0.22208247
9517,-0.027491447
9518,0.12786345
9519,0.24258523
9520,0.34126008
9521,0.43740696
9522,0.5441378
9523,0.6452361
9524,0.71560967
9525,0.7429855
9526,-0.4068557
9527,-0.21444651
9528,-0.017515177
9529,0.1398526
9530,0.25630936
9531,0.35632926
9532,0.45551014
9533,0.5638724
9534,0.6640102
9535,0.7349027
9536,0.7631867
9537,-0.40397146
9538,-0.2089789
9539,-0.008870681
9540,0.15121892
9541,0.2689946
9542,0.3717479
9543,0.4711795
9544,0.5811063
9545,0.6822816
9546,0.7553914
9547,0.78480273
9548,-0.4047872
9549,-0.20706663
9550,-0.0049148756
9551,0.15769187
9552,0.27863532
9553,0.38186914
9554,0.48277012
9555,0.5940669
9556,0.6975181
9557,0.7698068
9558,0.8001731
9559,-0.40823647
9560,-0.20839292
9561,-0.0041550975
9562,0.16088845
9563,0.2839526
9564,0.38914028
9565,0.49071148
9566,0.60321563
9567,0.7074413
9568,0.7804747
9569,0.8117016
9570,-0.6576425
9571,-0.47826058
9572,-0.28144938
9573,-0.11203475
9574,0.018400328
9575,0.13243759
9576,0.24081996
9577,0.34868744
9578,0.44017324
9579,0.49817413
9580,0.5162038
9581,-0.64884627
9582,-0.4672044
9583,-0.26921114
9584,-0.099580415
9585,0.030639717
9586,0.14431715
9587,0.25217435
9588,0.35959724
9589,0.4509956
9590,0.5090936
9591,0.52730346
9592,-0.6427476
9593,-0.45938647
9594,-0.26036122
9595,-0.09036466
9596,0.03984339
9597,0.15333161
9598,0.2609093
9599,0.36816207
9600,0.45961958
9601,0.51787776
9602,0.5362921
9603,-0.637338
9604,-0.45234776
9605,-0.25226206
9606,-0.08179388
9607,0.04849302
9608,0.16185305
9609,0.26923877
9610,0.37642893
9611,0.46801525
9612,0.5264766
9613,0.5451275
9614,-0.6312872
9615,-0.44435775
9616,-0.24292423
9617,-0.070626736
9618,0.058707412
9619,0.17312334
9620,0.27919912
9621,0.3864117
9622,0.4782218
9623,0.5369775
9624,0.55595434
9625,-0.6253034
9626,-0.4363317
9627,-0.23339432
9628,-0.061377395
9629,0.06937613
9630,0.18258256
9631,0.28972432
9632,0.39704978
9633,0.48915976
9634,0.54827535
9635,0.5676395
9636,-0.6187815
9637,-0.4274341
9638,-0.22265564
9639,-0.04950057
9640,0.081673995
9641,0.19487669
9642,0.30199152
9643,0.40953848
9644,0.5020614
9645,0.56164837
9646,0.58151096
9647,-0.61122626
9648,-0.41690642
9649,-0.2097041
9650,-0.034940347
9651,0.096883096
9652,0.21016327
9653,0.31734535
9654,0.42527688
9655,0.51839197
9656,0.578635
9657,0.59918207
9658,-0.60410947
9659,-0.4067206
9660,-0.19689007
9661,-0.020272952
9662,0.11235181
9663,0.22580887
9664,0.33316672
9665,0.44159687
9666,0.5353948
9667,0.596381
9668,0.6176958
9669,-0.5966082
9670,-0.3955744
9671,-0.18246421
9672,-0.0034068783
9673,0.13161801
9674,0.24415623
9675,0.3518607
9676,0.46100095
9677,0.55569303
9678,0.61764175
9679,0.639939
9680,-0.59029883
9681,-0.38562134
9682,-0.16905709
9683,0.012703343
9684,0.1478049
9685,0.2621532
9686,0.3703675
9687,0.48034793
9688,0.5760262
9689,0.63902515
9690,0.6623768
9691,-0.5855608
9692,-0.376801
9693,-0.1564126
9694,0.028492212
9695,0.16529901
9696,0.28047088
9697,0.38943303
9698,0.4991517
9699,0.5959021
9700,0.6600275
9701,0.68448484
9702,-0.58256286
9703,-0.37044516
9704,-0.14618395
9705,0.042075958
9706,0.1808798
9707,0.29716778
9708,0.40711296
9709,0.5193579
9710,0.6174418
9711,0.68294144
9712,0.7087012
9713,-0.5825997
9714,-0.3670135
9715,-0.13876604
9716,0.05315385
9717,0.1943607
9718,0.31215018
9719,0.4233962
9720,0.5371133
9721,0.6366232
9722,0.70355374
9723,0.7306035
9724,-0.5867627
9725,-0.36769098
9726,-0.13502985
9727,0.061250903
9728,0.2056432
9729,0.32560995
9730,0.4387366
9731,0.55445397
9732,0.65579736
9733,0.7245056
9734,0.7530473
9735,-0.59639066
9736,-0.37436876
9737,-0.13740036
9738,0.06357901
9739,0.21181409
9740,0.33459732
9741,0.45017928
9742,0.5684241
9743,0.67199796
9744,0.7427795
9745,0.77289456
9746,-0.61242837
9747,-0.38831085
9748,-0.14745188
9749,0.058409963
9750,0.2111227
9751,0.33735734
9752,0.45599833
9753,0.5773791
9754,0.68369114
9755,0.75690496
9756,0.7886461
9757,-0.16144584
9758,0.049119625
9759,0.2048109
9760,0.3341308
9761,0.4555515
9762,0.5798234
9763,0.6886928
9764,0.7640927
9765,0.7971161
10032,-0.45720622
10033,-0.27940238
10034,-0.108057655
10035,0.022166464
10036,0.1151755
10037,0.19770297
10038,0.27932158
10039,0.3709499
10040,0.45987567
10041,0.5205279
10042,0.53864163
10043,-0.45349056
10044,-0.27573678
10045,-0.10465731
10046,0.025251755
10047,0.11808179
10048,0.200602
10049,0.2823693
10050,0.37427515
10051,0.4634105
10052,0.52414715
10053,0.5431144
10054,-0.44881085
10055,-0.27203596
10056,-0.10029058
10057,0.028477736
10058,0.1211807
10059,0.20373176
10060,0.28568646
10061,0.37790546
10062,0.467269
10063,0.5291382
10064,0.5481259
10065,-0.4450426
10066,-0.2664235
10067,-0.09579781
10068,0.033577263
10069,0.12618676
10070,0.20885484
10071,0.2911612
10072,0.3839116
10073,0.47364852
10074,0.53463346
10075,0.5536598
10076,-0.438406
10077,-0.2607458
10078,-0.090247355
10079,0.038982138
10080,0.13161322
10081,0.21448174
10082,0.29722068
10083,0.39056998
10084,0.48071098
10085,0.5418647
10086,0.5609611
10087,-0.43173346
10088,-0.25405487
10089,-0.08356785
10090,0.045656785
10091,0.13845545
10092,0.22165982
10093,0.30499923
10094,0.3991209
10095,0.48976165
10096,0.5511245
10097,0.5703344
10098,-0.4240949
10099,-0.2463494
10100,-0.075697504
10101,0.05373649
10102,0.14690785
10103,0.23062438
10104,0.314765
10105,0.4098479
10106,0.50108016
10107,0.56269
10108,0.5820704
10109,-0.41553977
10110,-0.2376595
10111,-0.06660302
10112,0.06333346
10113,0.15714268
10114,0.24158734
10115,0.32675728
10116,0.42299175
10117,0.5148902
10118,0.5767766
10119,0.5964003
10120,-0.40710247
10121,-0.22807263
10122,-0.056308843
10123,0.074503615
10124,0.16927125
10125,0.2546942
10126,0.34113702
10127,0.4386947
10128,0.5312982
10129,0.5934769
10130,0.6134354
10131,-0.39709485
10132,-0.21868865
10133,-0.04596762
10134,0.08603403
10135,0.18199435
10136,0.26854852
10137,0.35636336
10138,0.45524082
10139,0.5484754
10140,0.6109187
10141,0.6312817
10142,-0.38762712
10143,-0.20879082
10144,-0.034761194
10145,0.098877296
10146,0.19638167
10147,0.2843228
10148,0.37371463
10149,0.47398221
10150,0.56778735
10151,0.6304844
10152,0.6513755
10153,-0.37821084
10154,-0.19877434
10155,-0.023063099
10156,0.11270375
10157,0.21212007
10158,0.30170023
10159,0.39283526
10160,0.49448255
10161,0.5887317
10162,0.6516661
10163,0.6732366
10164,-0.3694885
10165,-0.18922116
10166,-0.011467802
10167,0.12693787
10168,0.22863296
10169,0.3200827
10170,0.41306555
10171,0.51598483
10172,0.6104965
10173,0.6736677
10174,0.6960972
10175,-0.36233318
10176,-0.18092623
10177,-0.0008284092
10178,0.14071706
10179,0.2450426
10180,0.3385528
10181,0.4334078
10182,0.5373973
10183,0.63197327
10184,0.69395864
10185,0.7189226
10186,-0.35844555
10187,-0.1758384
10188,0.006295516
10189,0.15071058
10190,0.2573944
10191,0.35266533
10192,0.44898516
10193,0.5536442
10194,0.64816016
10195,0.7119425
10196,0.7364475
10450,-0.43179274
10451,-0.26088005
10452,-0.09003137
10453,0.043468006
10454,0.13427153
10455,0.20840096
10456,0.28195083
10457,0.36372173
10458,0.44244447
10459,0.49658713
10460,0.51514125
10461,-0.4291625
10462,-0.25720403
10463,-0.08647154
10464,0.046707742
10465,0.1373322
10466,0.21148637
10467,0.28520596
10468,0.36727652
10469,0.44626454
10470,0.50055057
10471,0.5191252
10472,-0.42470205
10473,-0.25248247
10474,-0.08182227
10475,0.05102941
10476,0.14149006
10477,0.21572064
10478,0.28969118
10479,0.37216425
10480,0.45149505
10481,0.5059655
10482,0.5245773
10483,-0.42015278
10484,-0.24762636
10485,-0.07695748
10486,0.055646848
10487,0.14600903
10488,0.22036505
10489,0.29462734
10490,0.37753138
10491,0.4572161
10492,0.5118755
10493,0.53053623
10494,-0.41458932
10495,-0.2416323
10496,-0.070847504
10497,0.061564792
10498,0.1518925
10499,0.22646107
10500,0.3011235
10501,0.38457835
10502,0.46469963
10503,0.51959026
10504,0.5383244
10505,-0.40892857
10506,-0.23547143
10507,-0.0644592
10508,0.06787323
10509,0.15825449
10510,0.23310007
10511,0.3082129
10512,0.39225024
10513,0.47281787
10514,0.52794284
10515,0.54676557
10516,-0.4022287
10517,-0.22809863
10518,-0.05668711
10519,0.07568965
10520,0.16623922
10521,0.24148473
10522,0.31718045
10523,0.40193027
10524,0.48302585
10525,0.5384258
10526,0.5573708
10527,-0.3954602
10528,-0.22056165
10529,-0.04861718
10530,0.08394623
10531,0.1747718
10532,0.2504948
10533,0.32825673
10534,0.4123172
10535,0.49394277
10536,0.5496174
10537,0.5687043
10538,-0.3876936
10539,-0.21180339
10540,-0.039103784
10541,0.09383841
10542,0.18510252
10543,0.26145908
10544,0.33857793
10545,0.4249342
10546,0.5071594
10547,0.56314504
10548,0.58241946
10549,-0.379961
10550,-0.2029656
10551,-0.029377265
10552,0.10410988
10553,0.19593474
10554,0.27301082
10555,0.35096675
10556,0.4382002
10557,0.5210091
10558,0.5773012
10559,0.59679157
10560,-0.37140074
10561,-0.19304127
10562,-0.019553293
10563,0.11596132
10564,0.2085522
10565,0.28653124
10566,0.36547744
10567,0.45194975
10568,0.5353162
10569,0.59375817
10570,0.61164767
10571,-0.36310768
10572,-0.18327856
10573,-0.007333084
10574,0.12660588
10575,0.22142641
10576,0.3003975
10577,0.38037267
10578,0.46777815
10579,0.5535623
10580,0.6086553
10581,0.628715
10582,-0.35353523
10583,-0.17180687
10584,0.0057267942
10585,0.14243248
10586,0.23719294
10587,0.31748417
10588,0.3987507
10589,0.48904696
10590,0.57368594
10591,0.63105226
10592,0.6516212
10593,-0.74852014
10594,-0.5471192
10595,-0.341411
10596,-0.16072302
10597,-0.019502409
10598,0.09637069
10599,0.20471114
10600,0.3171309
10601,0.4106689
10602,0.46380416
10603,0.47663882
10604,-0.7384843
10605,-0.53552526
10606,-0.3290196
10607,-0.14821507
10608,-0.0074674725
10609,0.10792157
10610,0.21583186
10611,0.3278763
10612,0.4210838
10613,0.4739721
10614,0.48683628
10615,-0.73252505
10616,-0.52759165
10617,-0.32120574
10618,-0.14012422
10619,0.00046805342
10620,0.11565853
10621,0.22340086
10622,0.3353222
10623,0.42835575
10624,0.48111755
10625,0.4940645
10626,-0.726039
10627,-0.52058643
10628,-0.31226644
10629,-0.13064244
10630,0.009904316
10631,0.12600441
10632,0.23363629
10633,0.34548146
10634,0.43836033
10635,0.491022
10636,0.50307566
10637,-0.71911734
10638,-0.5119641
10639,-0.3021503
10640,-0.119680084
10641,0.020995345
10642,0.13589337
10643,0.2435033
10644,0.35422906
10645,0.44699988
10646,0.50077844
10647,0.51415193
10648,-0.7131968
10649,-0.50434405
10650,-0.2929797
10651,-0.10950907
10652,0.031400375
10653,0.1463168
10654,0.2539755
10655,0.3659274
10656,0.4585948
10657,0.5112471
10658,0.5249304
10659,-0.7069789
10660,-0.4960844
10661,-0.28274298
10662,-0.09791597
10663,0.043432657
10664,0.1596612
10665,0.2662094
10666,0.37829906
10667,0.47088385
10668,0.5236029
10669,0.53771186
10670,-0.70011497
10671,-0.48659846
10672,-0.27055252
10673,-0.08378057
10674,0.058313195
10675,0.1735054
10676,0.28156912
10677,0.39389035
10678,0.48641008
10679,0.53936034
10680,0.5540739
10681,-0.6935529
10682,-0.47699365
10683,-0.25769705
10684,-0.068468586
10685,0.07469611
10686,0.19030012
10687,0.29879734
10688,0.41142955
10689,0.50389564
10690,0.5572026
10691,0.57272303
10692,-0.6873537
10693,-0.46710968
10694,-0.24372156
10695,-0.05126681
10696,0.0934782
10697,0.2097866
10698,0.3189127
10699,0.431976
10700,0.52448356
10701,0.57838815
10702,0.5949887
10703,-0.6829744
10704,-0.4589649
10705,-0.23124991
10706,-0.03522033
10707,0.1114729
10708,0.22751763
10709,0.3387024
10710,0.45230657
10711,0.544973
10712,0.5996587
10713,0.61745906
10714,-0.6807272
10715,-0.45273027
10716,-0.22031516
10717,-0.020206686
10718,0.1289725
10719,0.24762256
10720,0.3586678
10721,0.47299165
10722,0.56604904
10723,0.62183934
10724,0.64101416
10725,-0.68158317
10726,-0.44954714
10727,-0.21224143
10728,-0.007619671
10729,0.14466225
10730,0.26517406
10731,0.37770095
10732,0.491906
10733,0.58679605
10734,0.6440653
10735,0.66475165
10736,-0.6866413
10737,-0.45073327
10738,-0.20862874
10739,0.0009043356
10740,0.15693237
10741,0.27990368
10742,0.39437425
10743,0.51023376
10744,0.6061186
10745,0.66526616
10746,0.6875719
10747,-0.6970142
10748,-0.45767996
10749,-0.21094881
10750,0.0035755953
10751,0.16399166
10752,0.29006386
10753,0.40706527
10754,0.5259258
10755,0.62277234
10756,0.684244
10757,0.7081856
10758,-0.7146264
10759,-0.47250465
10760,-0.2215956
10761,-0.0022482513
10762,0.16384114
10763,0.29385746
10764,0.41440335
10765,0.53610605
10766,0.6357865
10767,0.70019627
10768,0.72586596
10769,-0.7395856
10770,-0.49593613
10771,-0.24179448
10772,-0.017858362
10773,0.15358515
10774,0.28835958
10775,0.41329828
10776,0.53899276
10777,0.6424914
10778,0.7106552
10779,0.7380327
10780,-0.5235031
10781,-0.26613158
10782,-0.038855776
10783,0.13830696
10784,0.27612385
10785,0.40524483
10786,0.53485817
10787,0.64209455
10788,0.71318585
10789,0.74174607
11916,0.7852614
11917,0.93794113
11918,1.0517851
11919,0.854601
11920,1.0048045
11921,1.1116474
11922,0.84576917
11923,1.0067775
11924,1.1209778
11925,0.79670995
11926,0.9750541
11927,1.1049848
11928,0.6813349
11929,0.8852014
11930,1.0417712
